Date;Open;High;Low;Close;Adj Close;Volume
02/01/2020;3999.930908203125;4009.021728515625;3963.56787109375;4009.021728515625;3236.680419921875;45886302
03/01/2020;4018.1123046875;4036.2939453125;3990.840087890625;4018.1123046875;3244.019775390625;91189705
06/01/2020;3963.56787109375;3990.840087890625;3927.204833984375;3972.65869140625;3207.322998046875;48648450
07/01/2020;4009.021728515625;4009.021728515625;3981.74951171875;3999.930908203125;3229.341064453125;114344885
08/01/2020;3981.74951171875;3999.930908203125;3945.386474609375;3981.74951171875;3214.662353515625;188929583
09/01/2020;3999.930908203125;4018.1123046875;3972.65869140625;3999.930908203125;3229.341064453125;79280569
10/01/2020;4027.203125;4027.203125;3990.840087890625;4009.021728515625;3236.680419921875;137292491
13/01/2020;4027.203125;4099.92919921875;4018.1123046875;4099.92919921875;3310.074462890625;122488655
14/01/2020;4127.20166015625;4181.74609375;4109.02001953125;4154.4736328125;3354.11083984375;174258629
15/01/2020;4154.4736328125;4163.564453125;4118.11083984375;4163.564453125;3361.450439453125;112825318
16/01/2020;4154.4736328125;4172.6552734375;4099.92919921875;4154.4736328125;3354.11083984375;147387255
17/01/2020;4199.92724609375;4218.10888671875;4181.74609375;4209.01806640625;3398.1474609375;133295352
20/01/2020;4263.5625;4263.5625;4209.01806640625;4236.29052734375;3420.165771484375;90022804
21/01/2020;4245.38134765625;4254.47216796875;4218.10888671875;4245.38134765625;3427.505126953125;81224962
22/01/2020;4254.47216796875;4281.744140625;4245.38134765625;4281.744140625;3456.86279296875;90609115
23/01/2020;4290.8349609375;4327.19775390625;4263.5625;4309.0166015625;3478.881103515625;153849977
24/01/2020;4299.92578125;4318.107421875;4254.47216796875;4309.0166015625;3478.881103515625;105620964
27/01/2020;4272.6533203125;4272.6533203125;4218.10888671875;4227.19970703125;3412.826171875;103076840
28/01/2020;4163.564453125;4218.10888671875;4154.4736328125;4199.92724609375;3390.807861328125;104935872
29/01/2020;4199.92724609375;4236.29052734375;4181.74609375;4199.92724609375;3390.807861328125;214362682
30/01/2020;4272.6533203125;4272.6533203125;4163.564453125;4163.564453125;3361.450439453125;96500596
31/01/2020;4154.4736328125;4163.564453125;4054.475341796875;4054.475341796875;3273.37744140625;150763654
03/02/2020;4054.475341796875;4081.74755859375;4045.384765625;4054.475341796875;3273.37744140625;144745560
04/02/2020;4263.5625;4263.5625;4109.02001953125;4145.3828125;3346.771484375;123617275
05/02/2020;4154.4736328125;4163.564453125;4099.92919921875;4145.3828125;3346.771484375;100395764
06/02/2020;4172.6552734375;4172.6552734375;4118.11083984375;4136.2919921875;3339.43212890625;104342852
07/02/2020;4163.564453125;4163.564453125;4127.20166015625;4136.2919921875;3339.43212890625;146349277
10/02/2020;4090.83837890625;4118.11083984375;3999.930908203125;4090.83837890625;3302.7353515625;187982906
11/02/2020;4127.20166015625;4127.20166015625;4072.656982421875;4099.92919921875;3310.074462890625;93666727
12/02/2020;4109.02001953125;4145.3828125;4109.02001953125;4118.11083984375;3324.75341796875;143167912
13/02/2020;4163.564453125;4172.6552734375;4127.20166015625;4154.4736328125;3354.11083984375;87683284
14/02/2020;4118.11083984375;4172.6552734375;4118.11083984375;4136.2919921875;3339.43212890625;139707803
17/02/2020;4072.656982421875;4127.20166015625;4063.566162109375;4063.566162109375;3280.716796875;131738165
18/02/2020;4063.566162109375;4090.83837890625;3999.930908203125;3999.930908203125;3229.341064453125;97565635
19/02/2020;4054.475341796875;4072.656982421875;4045.384765625;4072.656982421875;3288.056396484375;110893685
20/02/2020;4109.02001953125;4163.564453125;4099.92919921875;4145.3828125;3346.771484375;108000305
21/02/2020;4145.3828125;4145.3828125;4099.92919921875;4099.92919921875;3310.074462890625;117658802
24/02/2020;4127.20166015625;4127.20166015625;4063.566162109375;4081.74755859375;3295.395751953125;113200755
25/02/2020;4054.475341796875;4136.2919921875;4054.475341796875;4090.83837890625;3302.7353515625;125324724
26/02/2020;4090.83837890625;4099.92919921875;4063.566162109375;4072.656982421875;3288.056396484375;164120194
27/02/2020;3981.74951171875;3981.74951171875;3745.389892578125;3754.480712890625;3149.42236328125;227877075
28/02/2020;3627.2099609375;3809.025146484375;3554.484130859375;3809.025146484375;3195.1767578125;211162617
02/03/2020;3809.025146484375;3818.115966796875;3618.119384765625;3618.119384765625;3035.036865234375;206428685
03/03/2020;3681.754638671875;3799.934326171875;3636.30078125;3727.208251953125;3126.544921875;218258509
04/03/2020;3763.5712890625;3854.478759765625;3754.480712890625;3836.29736328125;3218.053955078125;127937929
05/03/2020;3899.9326171875;3909.0234375;3754.480712890625;3772.662109375;3164.673828125;146949558
06/03/2020;3672.663818359375;3681.754638671875;3636.30078125;3645.3916015625;3057.91357421875;175334118
09/03/2020;3545.393310546875;3590.84716796875;3409.031982421875;3409.031982421875;2859.645263671875;163934401
10/03/2020;3436.30419921875;3663.572998046875;3436.30419921875;3554.484130859375;2981.65673828125;182576203
11/03/2020;3590.84716796875;3663.572998046875;3527.2119140625;3554.484130859375;2981.65673828125;195275262
12/03/2020;3472.667236328125;3490.848876953125;3272.670654296875;3281.761474609375;2752.884521484375;167137546
13/03/2020;3281.761474609375;3427.213623046875;3054.49267578125;3381.759765625;2836.767822265625;295725807
16/03/2020;3409.031982421875;3409.031982421875;3145.400146484375;3181.76318359375;2669.002197265625;196265939
17/03/2020;3181.76318359375;3245.3984375;2963.585205078125;2963.585205078125;2485.985107421875;229429422
18/03/2020;2972.676025390625;3127.21875;2809.04248046875;2854.49609375;2394.47607421875;272919333
19/03/2020;2845.405517578125;2854.49609375;2663.59033203125;2663.59033203125;2234.3359375;151744210
20/03/2020;2663.59033203125;2699.953369140625;2481.775390625;2554.501220703125;2142.8271484375;658210668
23/03/2020;2409.04931640625;2454.503173828125;2381.777099609375;2381.777099609375;1997.9385986328125;180848183
24/03/2020;2345.4140625;2499.956787109375;2218.1435546875;2218.1435546875;1860.675537109375;544651637
26/03/2020;2272.68798828125;2727.2255859375;2272.68798828125;2672.68115234375;2241.96142578125;698059077
27/03/2020;2727.2255859375;3336.305908203125;2727.2255859375;2936.31298828125;2463.107666015625;529032687
30/03/2020;2863.5869140625;2863.5869140625;2736.31640625;2736.31640625;2295.342041015625;239264252
31/03/2020;2818.133056640625;2909.040771484375;2699.953369140625;2745.4072265625;2302.967529296875;346502244
01/04/2020;2736.31640625;2799.95166015625;2636.318115234375;2663.59033203125;2234.3359375;298923123
02/04/2020;2590.8642578125;2636.318115234375;2545.41064453125;2609.0458984375;2188.58154296875;329876337
03/04/2020;2663.59033203125;2681.77197265625;2572.682861328125;2627.227294921875;2203.8330078125;322467159
06/04/2020;2681.77197265625;2754.497802734375;2645.408935546875;2745.4072265625;2302.967529296875;313615306
07/04/2020;2818.133056640625;2945.403564453125;2681.77197265625;2754.497802734375;2310.593017578125;445935822
08/04/2020;2727.2255859375;2763.588623046875;2563.592041015625;2563.592041015625;2150.452880859375;322246825
09/04/2020;2599.955078125;2645.408935546875;2499.956787109375;2536.31982421875;2127.57568359375;292370749
13/04/2020;2536.31982421875;2581.773681640625;2454.503173828125;2518.138427734375;2112.32470703125;136106890
14/04/2020;2536.31982421875;2636.318115234375;2518.138427734375;2636.318115234375;2211.458740234375;241711574
15/04/2020;2636.318115234375;2718.134765625;2481.775390625;2509.047607421875;2104.69873046875;351010672
16/04/2020;2518.138427734375;2518.138427734375;2345.4140625;2372.686279296875;1990.31298828125;404530667
17/04/2020;2427.230712890625;2581.773681640625;2418.14013671875;2572.682861328125;2158.078857421875;442565694
20/04/2020;2618.136474609375;2636.318115234375;2509.047607421875;2527.22900390625;2119.949951171875;244213568
21/04/2020;2499.956787109375;2536.31982421875;2445.412353515625;2472.6845703125;2074.195556640625;146163154
22/04/2020;2454.503173828125;2572.682861328125;2409.04931640625;2536.31982421875;2127.57568359375;197501041
23/04/2020;2572.682861328125;2618.136474609375;2536.31982421875;2545.41064453125;2135.20166015625;237791877
24/04/2020;2545.41064453125;2545.41064453125;2390.86767578125;2390.86767578125;2005.564208984375;323088010
27/04/2020;2436.321533203125;2454.503173828125;2372.686279296875;2418.14013671875;2028.44140625;200872709
28/04/2020;2436.321533203125;2445.412353515625;2336.3232421875;2354.5048828125;1975.0616455078125;295130807
29/04/2020;2363.595458984375;2381.777099609375;2327.232421875;2345.4140625;1967.4356689453125;230054013
30/04/2020;2381.777099609375;2490.865966796875;2372.686279296875;2481.775390625;2081.82177734375;475289499
04/05/2020;2427.230712890625;2436.321533203125;2363.595458984375;2390.86767578125;2005.564208984375;220673601
05/05/2020;2390.86767578125;2436.321533203125;2372.686279296875;2390.86767578125;2005.564208984375;203241160
06/05/2020;2390.86767578125;2409.04931640625;2363.595458984375;2381.777099609375;1997.9385986328125;190361478
08/05/2020;2399.95849609375;2418.14013671875;2345.4140625;2354.5048828125;1975.0616455078125;226345299
11/05/2020;2390.86767578125;2399.95849609375;2363.595458984375;2381.777099609375;1997.9385986328125;170062057
12/05/2020;2381.777099609375;2390.86767578125;2245.415771484375;2263.59716796875;1898.80419921875;405546974
13/05/2020;2236.324951171875;2290.86962890625;2218.1435546875;2245.415771484375;1883.5526123046875;372457853
14/05/2020;2218.1435546875;2254.506591796875;2118.145263671875;2136.32666015625;1792.0440673828125;517300545
15/05/2020;2163.598876953125;2181.780517578125;2009.05615234375;2036.3284912109375;1708.1612548828125;654135428
18/05/2020;2045.419189453125;2063.600830078125;1963.6024169921875;1972.6932373046875;1654.78125;501017513
19/05/2020;2045.419189453125;2199.9619140625;2045.419189453125;2154.50830078125;1807.2957763671875;584451204
20/05/2020;2145.41748046875;2272.68798828125;2109.054443359375;2254.506591796875;1891.1785888671875;433842983
26/05/2020;2318.141845703125;2318.141845703125;2245.415771484375;2290.86962890625;1921.6817626953125;444514707
27/05/2020;2309.051025390625;2390.86767578125;2290.86962890625;2390.86767578125;2005.564208984375;476102523
28/05/2020;2399.95849609375;2527.22900390625;2399.95849609375;2481.775390625;2081.82177734375;498739044
29/05/2020;2454.503173828125;2681.77197265625;2454.503173828125;2681.77197265625;2249.587646484375;959884609
02/06/2020;2681.77197265625;2990.857421875;2681.77197265625;2890.859130859375;2424.97900390625;514215761
03/06/2020;2909.040771484375;2981.7666015625;2736.31640625;2818.133056640625;2363.97314453125;481917223
04/06/2020;2836.314697265625;2909.040771484375;2754.497802734375;2781.77001953125;2333.469970703125;275162272
05/06/2020;2790.86083984375;2845.405517578125;2690.862548828125;2827.223876953125;2371.598876953125;294137820
08/06/2020;2890.859130859375;3063.58349609375;2881.768310546875;2999.9482421875;2516.487548828125;422772612
09/06/2020;3045.40185546875;3054.49267578125;2918.13134765625;2918.13134765625;2447.85595703125;279951975
10/06/2020;2890.859130859375;2890.859130859375;2727.2255859375;2754.497802734375;2310.593017578125;487562851
11/06/2020;2845.405517578125;2845.405517578125;2636.318115234375;2699.953369140625;2264.838623046875;409589324
12/06/2020;2636.318115234375;2763.588623046875;2545.41064453125;2754.497802734375;2310.593017578125;519350210
15/06/2020;2763.588623046875;2772.679443359375;2627.227294921875;2636.318115234375;2211.458740234375;253847754
16/06/2020;2699.953369140625;2863.5869140625;2690.862548828125;2845.405517578125;2386.85009765625;372556634
17/06/2020;2909.040771484375;2909.040771484375;2799.95166015625;2818.133056640625;2363.97314453125;240003025
18/06/2020;2772.679443359375;2836.314697265625;2763.588623046875;2772.679443359375;2325.8447265625;144039347
19/06/2020;2799.95166015625;2827.223876953125;2781.77001953125;2818.133056640625;2363.97314453125;183669732
22/06/2020;2818.133056640625;2827.223876953125;2754.497802734375;2781.77001953125;2333.469970703125;104916512
23/06/2020;2745.4072265625;2781.77001953125;2709.044189453125;2736.31640625;2295.342041015625;188566907
24/06/2020;2772.679443359375;2854.49609375;2736.31640625;2836.314697265625;2379.224609375;339338591
25/06/2020;2818.133056640625;2827.223876953125;2763.588623046875;2781.77001953125;2333.469970703125;174033235
26/06/2020;2818.133056640625;2836.314697265625;2745.4072265625;2754.497802734375;2310.593017578125;162039618
29/06/2020;2763.588623046875;2781.77001953125;2709.044189453125;2763.588623046875;2318.21875;130693147
30/06/2020;2790.86083984375;2827.223876953125;2754.497802734375;2754.497802734375;2310.593017578125;147418716
01/07/2020;2763.588623046875;2790.86083984375;2754.497802734375;2781.77001953125;2333.469970703125;111421694
02/07/2020;2809.04248046875;2809.04248046875;2763.588623046875;2781.77001953125;2333.469970703125;186436280
03/07/2020;2781.77001953125;2809.04248046875;2763.588623046875;2772.679443359375;2325.8447265625;54421019
06/07/2020;2790.86083984375;2818.133056640625;2754.497802734375;2763.588623046875;2318.21875;148148028
07/07/2020;2790.86083984375;2799.95166015625;2754.497802734375;2754.497802734375;2310.593017578125;228112810
08/07/2020;2763.588623046875;2909.040771484375;2754.497802734375;2899.949951171875;2432.6044921875;373640813
09/07/2020;2899.949951171875;2936.31298828125;2854.49609375;2854.49609375;2394.47607421875;211404181
10/07/2020;2845.405517578125;2863.5869140625;2818.133056640625;2827.223876953125;2371.598876953125;117829855
13/07/2020;2845.405517578125;2890.859130859375;2772.679443359375;2872.677734375;2409.727294921875;105451891
14/07/2020;2872.677734375;2954.494384765625;2845.405517578125;2881.768310546875;2417.35302734375;232365483
15/07/2020;2909.040771484375;2945.403564453125;2845.405517578125;2845.405517578125;2386.85009765625;182296468
16/07/2020;2845.405517578125;2872.677734375;2845.405517578125;2854.49609375;2394.47607421875;128809144
17/07/2020;2854.49609375;2863.5869140625;2818.133056640625;2818.133056640625;2363.97314453125;131548742
20/07/2020;2818.133056640625;2845.405517578125;2754.497802734375;2772.679443359375;2325.8447265625;150206164
21/07/2020;2772.679443359375;2890.859130859375;2772.679443359375;2863.5869140625;2402.101806640625;224576578
22/07/2020;2872.677734375;2881.768310546875;2809.04248046875;2818.133056640625;2363.97314453125;190916547
23/07/2020;2836.314697265625;2872.677734375;2818.133056640625;2854.49609375;2394.47607421875;162646279
24/07/2020;2845.405517578125;2854.49609375;2809.04248046875;2809.04248046875;2356.347412109375;104287961
27/07/2020;2809.04248046875;2863.5869140625;2809.04248046875;2863.5869140625;2402.101806640625;103970385
28/07/2020;2872.677734375;2881.768310546875;2818.133056640625;2854.49609375;2394.47607421875;113763744
29/07/2020;2854.49609375;2863.5869140625;2818.133056640625;2836.314697265625;2379.224609375;73895646
30/07/2020;2845.405517578125;2881.768310546875;2827.223876953125;2872.677734375;2409.727294921875;86328061
03/08/2020;2881.768310546875;2890.859130859375;2699.953369140625;2718.134765625;2280.090087890625;373214336
04/08/2020;2727.2255859375;2799.95166015625;2727.2255859375;2799.95166015625;2348.721923828125;171919769
05/08/2020;2818.133056640625;2827.223876953125;2763.588623046875;2799.95166015625;2348.721923828125;177648668
06/08/2020;2818.133056640625;2845.405517578125;2809.04248046875;2827.223876953125;2371.598876953125;126064817
07/08/2020;2827.223876953125;2845.405517578125;2781.77001953125;2827.223876953125;2371.598876953125;98910738
10/08/2020;2827.223876953125;2863.5869140625;2818.133056640625;2845.405517578125;2386.85009765625;100613457
11/08/2020;2845.405517578125;2927.22216796875;2845.405517578125;2899.949951171875;2432.6044921875;189708286
12/08/2020;2899.949951171875;3063.58349609375;2899.949951171875;3045.40185546875;2554.615966796875;505369848
13/08/2020;3045.40185546875;3136.3095703125;2999.9482421875;3027.220458984375;2539.36474609375;235648930
14/08/2020;3027.220458984375;3045.40185546875;2981.7666015625;3036.311279296875;2546.990478515625;109069303
18/08/2020;3036.311279296875;3209.035400390625;3036.311279296875;3199.94482421875;2684.253662109375;288206078
19/08/2020;3199.94482421875;3309.03369140625;3199.94482421875;3236.3076171875;2714.755859375;239290433
24/08/2020;3209.035400390625;3318.12451171875;3199.94482421875;3309.03369140625;2775.76220703125;214473234
25/08/2020;3336.305908203125;3454.48583984375;3309.03369140625;3454.48583984375;2897.7734375;197233406
26/08/2020;3454.48583984375;3472.667236328125;3363.578369140625;3399.941162109375;2852.019287109375;178162157
27/08/2020;3399.941162109375;3436.30419921875;3327.21533203125;3363.578369140625;2821.516357421875;206786961
28/08/2020;3372.6689453125;3399.941162109375;3318.12451171875;3354.487548828125;2813.890625;85678499
31/08/2020;3363.578369140625;3399.941162109375;3181.76318359375;3190.85400390625;2676.6279296875;292651694
01/09/2020;3227.217041015625;3299.943115234375;3163.581787109375;3281.761474609375;2752.884521484375;216658972
02/09/2020;3290.852294921875;3327.21533203125;3263.580078125;3327.21533203125;2791.013671875;117619091
03/09/2020;3327.21533203125;3354.487548828125;3227.217041015625;3254.4892578125;2730.007568359375;197577052
04/09/2020;3281.761474609375;3281.761474609375;3163.581787109375;3227.217041015625;2707.13037109375;148013826
07/09/2020;3227.217041015625;3245.3984375;3181.76318359375;3190.85400390625;2676.6279296875;104297421
08/09/2020;3190.85400390625;3245.3984375;3190.85400390625;3199.94482421875;2684.253662109375;89521636
09/09/2020;3163.581787109375;3172.67236328125;3072.67431640625;3099.946533203125;2600.37060546875;196282440
10/09/2020;2999.9482421875;2999.9482421875;2890.859130859375;2890.859130859375;2424.97900390625;305637969
11/09/2020;2745.4072265625;3009.038818359375;2736.31640625;2954.494384765625;2478.359130859375;641858446
14/09/2020;2999.9482421875;3136.3095703125;2999.9482421875;3127.21875;2623.24755859375;303482811
15/09/2020;3127.21875;3145.400146484375;3009.038818359375;3027.220458984375;2539.36474609375;215087925
16/09/2020;3063.58349609375;3081.764892578125;2945.403564453125;2963.585205078125;2485.985107421875;152384862
17/09/2020;2972.676025390625;3009.038818359375;2881.768310546875;2909.040771484375;2440.230224609375;184375724
18/09/2020;2909.040771484375;2972.676025390625;2899.949951171875;2927.22216796875;2455.481689453125;223172404
21/09/2020;2909.040771484375;2954.494384765625;2863.5869140625;2899.949951171875;2432.6044921875;125587849
22/09/2020;2827.223876953125;2899.949951171875;2818.133056640625;2845.405517578125;2386.85009765625;148046607
23/09/2020;2881.768310546875;2890.859130859375;2772.679443359375;2799.95166015625;2348.721923828125;132670981
24/09/2020;2754.497802734375;2799.95166015625;2736.31640625;2754.497802734375;2310.593017578125;180569548
25/09/2020;2781.77001953125;2890.859130859375;2763.588623046875;2872.677734375;2409.727294921875;186363128
28/09/2020;2890.859130859375;2936.31298828125;2799.95166015625;2809.04248046875;2356.347412109375;149014953
29/09/2020;2836.314697265625;2872.677734375;2745.4072265625;2763.588623046875;2318.21875;200970281
30/09/2020;2781.77001953125;2799.95166015625;2727.2255859375;2763.588623046875;2318.21875;184622458
01/10/2020;2809.04248046875;2881.768310546875;2781.77001953125;2872.677734375;2409.727294921875;143036570
02/10/2020;2890.859130859375;2918.13134765625;2781.77001953125;2818.133056640625;2363.97314453125;172772944
05/10/2020;2872.677734375;2881.768310546875;2827.223876953125;2872.677734375;2409.727294921875;101996951
06/10/2020;2927.22216796875;2945.403564453125;2890.859130859375;2899.949951171875;2432.6044921875;132900775
07/10/2020;2872.677734375;2881.768310546875;2799.95166015625;2836.314697265625;2379.224609375;317619596
08/10/2020;2863.5869140625;2881.768310546875;2827.223876953125;2863.5869140625;2402.101806640625;136318754
09/10/2020;2863.5869140625;2881.768310546875;2836.314697265625;2863.5869140625;2402.101806640625;89241681
12/10/2020;2872.677734375;2918.13134765625;2863.5869140625;2899.949951171875;2432.6044921875;172174643
13/10/2020;2899.949951171875;2999.9482421875;2863.5869140625;2981.7666015625;2501.236083984375;224885904
14/10/2020;2999.9482421875;3072.67431640625;2990.857421875;3054.49267578125;2562.241943359375;213271353
15/10/2020;3054.49267578125;3072.67431640625;3009.038818359375;3009.038818359375;2524.113037109375;201627762
16/10/2020;3036.311279296875;3054.49267578125;2918.13134765625;2954.494384765625;2478.359130859375;154490628
19/10/2020;2963.585205078125;2990.857421875;2936.31298828125;2981.7666015625;2501.236083984375;105821057
20/10/2020;2981.7666015625;2990.857421875;2918.13134765625;2954.494384765625;2478.359130859375;147444676
21/10/2020;2981.7666015625;3009.038818359375;2936.31298828125;2945.403564453125;2470.733154296875;128682202
22/10/2020;2927.22216796875;2999.9482421875;2909.040771484375;2999.9482421875;2516.487548828125;176153302
23/10/2020;3045.40185546875;3045.40185546875;2972.676025390625;2990.857421875;2508.86181640625;128973377
26/10/2020;2999.9482421875;3054.49267578125;2990.857421875;3036.311279296875;2546.990478515625;111346673
27/10/2020;3036.311279296875;3090.855712890625;3027.220458984375;3054.49267578125;2562.241943359375;201640192
02/11/2020;3054.49267578125;3081.764892578125;2999.9482421875;3072.67431640625;2577.493408203125;172465378
03/11/2020;3081.764892578125;3090.855712890625;3054.49267578125;3072.67431640625;2577.493408203125;133604017
04/11/2020;3109.037109375;3109.037109375;2990.857421875;2990.857421875;2508.86181640625;152055736
05/11/2020;3063.58349609375;3172.67236328125;3054.49267578125;3172.67236328125;2661.376220703125;258276321
06/11/2020;3190.85400390625;3272.670654296875;3154.490966796875;3236.3076171875;2714.755859375;295649686
09/11/2020;3345.396728515625;3354.487548828125;3254.4892578125;3354.487548828125;2813.890625;283205831
10/11/2020;3454.48583984375;3645.3916015625;3427.213623046875;3636.30078125;3050.2880859375;622129055
11/11/2020;3609.028564453125;3809.025146484375;3590.84716796875;3745.389892578125;3141.796875;392814584
12/11/2020;3727.208251953125;3727.208251953125;3563.57470703125;3590.84716796875;3012.159423828125;366633582
13/11/2020;3609.028564453125;3709.02685546875;3599.937744140625;3636.30078125;3050.2880859375;261115910
16/11/2020;3681.754638671875;3699.93603515625;3572.66552734375;3599.937744140625;3019.784912109375;212327977
17/11/2020;3636.30078125;3654.482421875;3572.66552734375;3599.937744140625;3019.784912109375;198939646
18/11/2020;3618.119384765625;3681.754638671875;3609.028564453125;3672.663818359375;3080.79052734375;200926500
19/11/2020;3645.3916015625;3754.480712890625;3618.119384765625;3672.663818359375;3080.79052734375;219674674
20/11/2020;3672.663818359375;3709.02685546875;3627.2099609375;3654.482421875;3065.539306640625;137266310
23/11/2020;3645.3916015625;3727.208251953125;3645.3916015625;3709.02685546875;3111.293701171875;135864336
24/11/2020;3745.389892578125;3845.38818359375;3709.02685546875;3818.115966796875;3202.80224609375;226784757
25/11/2020;3927.204833984375;3990.840087890625;3863.569580078125;3927.204833984375;3294.31103515625;311676963
26/11/2020;3836.29736328125;3927.204833984375;3836.29736328125;3899.9326171875;3271.43359375;150181303
27/11/2020;3936.295654296875;3972.65869140625;3881.751220703125;3881.751220703125;3256.181884765625;126437063
30/11/2020;3863.569580078125;3890.841796875;3627.2099609375;3718.11767578125;3118.919677734375;493687757
01/12/2020;3754.480712890625;3872.660400390625;3699.93603515625;3854.478759765625;3233.304931640625;251258199
02/12/2020;3927.204833984375;3945.386474609375;3863.569580078125;3909.0234375;3279.059326171875;149985830
03/12/2020;3954.47705078125;3999.930908203125;3909.0234375;3999.930908203125;3355.316650390625;218887830
04/12/2020;3999.930908203125;3999.930908203125;3881.751220703125;3909.0234375;3279.059326171875;165420527
07/12/2020;3954.47705078125;4018.1123046875;3954.47705078125;3999.930908203125;3355.316650390625;154937236
08/12/2020;3999.930908203125;3999.930908203125;3945.386474609375;3999.930908203125;3355.316650390625;89400744
10/12/2020;4045.384765625;4045.384765625;3936.295654296875;3936.295654296875;3301.936767578125;212997338
11/12/2020;3999.930908203125;3999.930908203125;3872.660400390625;3890.841796875;3263.807861328125;191894904
14/12/2020;3909.0234375;3918.1142578125;3881.751220703125;3890.841796875;3263.807861328125;140126140
15/12/2020;3890.841796875;3899.9326171875;3854.478759765625;3890.841796875;3263.807861328125;147085740
16/12/2020;3945.386474609375;3954.47705078125;3909.0234375;3927.204833984375;3294.31103515625;143051750
17/12/2020;3963.56787109375;3963.56787109375;3918.1142578125;3936.295654296875;3301.936767578125;155902502
18/12/2020;3881.751220703125;3909.0234375;3881.751220703125;3890.841796875;3263.807861328125;228155710
21/12/2020;3936.295654296875;3945.386474609375;3827.20654296875;3827.20654296875;3210.42822265625;240869950
22/12/2020;3854.478759765625;3890.841796875;3745.389892578125;3754.480712890625;3149.42236328125;188635658
23/12/2020;3772.662109375;3799.934326171875;3590.84716796875;3781.7529296875;3172.299560546875;187175822
28/12/2020;3863.569580078125;3872.660400390625;3781.7529296875;3863.569580078125;3240.93115234375;94730336
29/12/2020;3863.569580078125;3890.841796875;3790.843505859375;3799.934326171875;3187.551025390625;82725388
30/12/2020;3809.025146484375;3827.20654296875;3754.480712890625;3790.843505859375;3179.925048828125;99024700
04/01/2021;3772.662109375;3927.204833984375;3772.662109375;3918.1142578125;3286.685302734375;106226854
05/01/2021;3909.0234375;3909.0234375;3854.478759765625;3881.751220703125;3256.181884765625;106964857
06/01/2021;3890.841796875;3909.0234375;3781.7529296875;3818.115966796875;3202.80224609375;128299616
07/01/2021;3872.660400390625;3899.9326171875;3827.20654296875;3890.841796875;3263.807861328125;141798389
08/01/2021;3936.295654296875;3990.840087890625;3909.0234375;3990.840087890625;3347.691162109375;205011531
11/01/2021;4018.1123046875;4236.29052734375;4009.021728515625;4227.19970703125;3545.959716796875;422093240
12/01/2021;4254.47216796875;4336.28857421875;4245.38134765625;4290.8349609375;3599.339599609375;260390447
13/01/2021;4336.28857421875;4399.923828125;4318.107421875;4354.47021484375;3652.719482421875;231181533
14/01/2021;4381.74267578125;4390.8330078125;4290.8349609375;4336.28857421875;3637.468017578125;146980798
15/01/2021;4336.28857421875;4336.28857421875;4136.2919921875;4163.564453125;3492.57958984375;225189839
18/01/2021;4163.564453125;4227.19970703125;4127.20166015625;4199.92724609375;3523.08251953125;182568723
19/01/2021;4272.6533203125;4272.6533203125;4190.8369140625;4199.92724609375;3523.08251953125;152430182
20/01/2021;4245.38134765625;4472.64990234375;4227.19970703125;4445.3779296875;3728.977294921875;277723446
21/01/2021;4472.64990234375;4499.92236328125;4336.28857421875;4354.47021484375;3652.719482421875;177275431
22/01/2021;4418.10546875;4418.10546875;4254.47216796875;4290.8349609375;3599.339599609375;183332136
25/01/2021;4354.47021484375;4354.47021484375;4190.8369140625;4345.37939453125;3645.093994140625;165278734
26/01/2021;4345.37939453125;4354.47021484375;4199.92724609375;4227.19970703125;3545.959716796875;163850580
27/01/2021;4227.19970703125;4290.8349609375;4090.83837890625;4199.92724609375;3523.08251953125;198692361
28/01/2021;4163.564453125;4227.19970703125;4018.1123046875;4063.566162109375;3408.696533203125;176270344
29/01/2021;4154.4736328125;4190.8369140625;3799.934326171875;3799.934326171875;3187.551025390625;308226863
01/02/2021;3799.934326171875;4036.2939453125;3599.937744140625;3999.930908203125;3355.316650390625;355113743
02/02/2021;4081.74755859375;4081.74755859375;3872.660400390625;3963.56787109375;3324.813720703125;167527833
03/02/2021;4072.656982421875;4072.656982421875;3963.56787109375;3981.74951171875;3340.0654296875;124241205
04/02/2021;4045.384765625;4163.564453125;3972.65869140625;4081.74755859375;3423.9482421875;162519997
05/02/2021;4127.20166015625;4127.20166015625;4018.1123046875;4063.566162109375;3408.696533203125;99005120
08/02/2021;4118.11083984375;4118.11083984375;4045.384765625;4054.475341796875;3401.071044921875;120218986
09/02/2021;4090.83837890625;4336.28857421875;4090.83837890625;4199.92724609375;3523.08251953125;464366860
10/02/2021;4209.01806640625;4281.744140625;4181.74609375;4227.19970703125;3545.959716796875;202155881
11/02/2021;4272.6533203125;4281.744140625;4209.01806640625;4254.47216796875;3568.8369140625;99681961
15/02/2021;4281.744140625;4345.37939453125;4272.6533203125;4281.744140625;3591.714111328125;93158189
16/02/2021;4309.0166015625;4309.0166015625;4236.29052734375;4245.38134765625;3561.21142578125;71623667
17/02/2021;4281.744140625;4299.92578125;4199.92724609375;4209.01806640625;3530.708251953125;101529553
18/02/2021;4272.6533203125;4336.28857421875;4227.19970703125;4245.38134765625;3561.21142578125;152089286
19/02/2021;4181.74609375;4354.47021484375;4181.74609375;4354.47021484375;3652.719482421875;109884637
22/02/2021;4409.0146484375;4427.1962890625;4327.19775390625;4354.47021484375;3652.719482421875;157619632
23/02/2021;4372.65185546875;4390.8330078125;4309.0166015625;4354.47021484375;3652.719482421875;107810772
24/02/2021;4354.47021484375;4381.74267578125;4281.744140625;4299.92578125;3606.96533203125;105582023
25/02/2021;4336.28857421875;4336.28857421875;4245.38134765625;4299.92578125;3606.96533203125;131635423
26/02/2021;4299.92578125;4318.107421875;4272.6533203125;4281.744140625;3591.714111328125;161796404
01/03/2021;4363.56103515625;4390.8330078125;4290.8349609375;4390.8330078125;3683.222900390625;127020403
02/03/2021;4427.1962890625;4436.287109375;4363.56103515625;4363.56103515625;3660.345703125;75195758
03/03/2021;4363.56103515625;4409.0146484375;4309.0166015625;4409.0146484375;3698.473876953125;85026738
04/03/2021;4409.0146484375;4409.0146484375;4299.92578125;4327.19775390625;3629.84228515625;117897176
05/03/2021;4309.0166015625;4336.28857421875;4272.6533203125;4336.28857421875;3637.468017578125;71188389
08/03/2021;4363.56103515625;4381.74267578125;4299.92578125;4299.92578125;3606.96533203125;69917647
09/03/2021;4318.107421875;4318.107421875;4145.3828125;4163.564453125;3492.57958984375;165527119
10/03/2021;4227.19970703125;4236.29052734375;4172.6552734375;4209.01806640625;3530.708251953125;77405916
12/03/2021;4263.5625;4263.5625;4127.20166015625;4163.564453125;3492.57958984375;152360111
15/03/2021;4163.564453125;4209.01806640625;4145.3828125;4154.4736328125;3484.9541015625;95483079
16/03/2021;4236.29052734375;4336.28857421875;4190.8369140625;4290.8349609375;3599.339599609375;151028868
17/03/2021;4254.47216796875;4272.6533203125;4181.74609375;4245.38134765625;3561.21142578125;116245827
18/03/2021;4281.744140625;4336.28857421875;4263.5625;4327.19775390625;3629.84228515625;95635541
19/03/2021;4318.107421875;4318.107421875;4245.38134765625;4245.38134765625;3561.21142578125;166398004
22/03/2021;4272.6533203125;4272.6533203125;4199.92724609375;4209.01806640625;3530.708251953125;67100278
23/03/2021;4290.8349609375;4290.8349609375;4227.19970703125;4245.38134765625;3561.21142578125;115036356
24/03/2021;4299.92578125;4299.92578125;4227.19970703125;4245.38134765625;3561.21142578125;120514341
25/03/2021;4272.6533203125;4272.6533203125;4163.564453125;4199.92724609375;3523.08251953125;95145043
26/03/2021;4209.01806640625;4290.8349609375;4199.92724609375;4290.8349609375;3599.339599609375;106978057
29/03/2021;4345.37939453125;4345.37939453125;4290.8349609375;4290.8349609375;3599.339599609375;106807554
30/03/2021;4272.6533203125;4272.6533203125;4072.656982421875;4090.83837890625;3431.57421875;214898061
31/03/2021;4045.384765625;4072.656982421875;3872.660400390625;3999.930908203125;3355.316650390625;323139711
01/04/2021;3954.47705078125;3972.65869140625;3827.20654296875;3899.9326171875;3271.43359375;340183845
05/04/2021;3927.204833984375;3936.295654296875;3781.7529296875;3818.115966796875;3202.80224609375;345533898
06/04/2021;3790.843505859375;3845.38818359375;3772.662109375;3818.115966796875;3280.0439453125;167319270
07/04/2021;3845.38818359375;3854.478759765625;3781.7529296875;3818.115966796875;3280.0439453125;116953800
08/04/2021;3863.569580078125;3963.56787109375;3845.38818359375;3954.47705078125;3397.188232421875;158572578
09/04/2021;3981.74951171875;3999.930908203125;3954.47705078125;3954.47705078125;3397.188232421875;125277643
12/04/2021;3990.840087890625;3990.840087890625;3818.115966796875;3827.20654296875;3287.853759765625;115119078
13/04/2021;3827.20654296875;3872.660400390625;3745.389892578125;3781.7529296875;3248.8056640625;120186645
14/04/2021;3890.841796875;3954.47705078125;3836.29736328125;3954.47705078125;3397.188232421875;113531640
15/04/2021;3990.840087890625;4009.021728515625;3890.841796875;4009.021728515625;3444.04638671875;86272180
16/04/2021;4045.384765625;4054.475341796875;3918.1142578125;3945.386474609375;3389.37890625;74495706
19/04/2021;3963.56787109375;3981.74951171875;3918.1142578125;3981.74951171875;3420.617431640625;62185614
20/04/2021;3899.9326171875;3936.295654296875;3836.29736328125;3918.1142578125;3365.949951171875;98216076
21/04/2021;3854.478759765625;3899.9326171875;3845.38818359375;3845.38818359375;3303.472900390625;51954007
22/04/2021;3845.38818359375;3872.660400390625;3818.115966796875;3818.115966796875;3280.0439453125;118813822
23/04/2021;3818.115966796875;3890.841796875;3809.025146484375;3863.569580078125;3319.09228515625;120513461
26/04/2021;3854.478759765625;3863.569580078125;3754.480712890625;3763.5712890625;3233.186279296875;157367288
27/04/2021;3818.115966796875;3818.115966796875;3772.662109375;3790.843505859375;3256.614990234375;146082083
28/04/2021;3790.843505859375;3836.29736328125;3754.480712890625;3754.480712890625;3225.376708984375;126586116
29/04/2021;3809.025146484375;3818.115966796875;3763.5712890625;3781.7529296875;3248.8056640625;124711354
30/04/2021;3772.662109375;3781.7529296875;3681.754638671875;3681.754638671875;3162.8994140625;257497837
03/05/2021;3690.845458984375;3699.93603515625;3636.30078125;3645.3916015625;3131.660888671875;124235705
04/05/2021;3654.482421875;3699.93603515625;3645.3916015625;3690.845458984375;3170.709228515625;84287635
05/05/2021;3736.299072265625;3754.480712890625;3709.02685546875;3718.11767578125;3194.138427734375;117321536
06/05/2021;3754.480712890625;3754.480712890625;3699.93603515625;3736.299072265625;3209.757080078125;86226199
07/05/2021;3763.5712890625;3763.5712890625;3672.663818359375;3681.754638671875;3162.8994140625;83358229
10/05/2021;3681.754638671875;3718.11767578125;3681.754638671875;3681.754638671875;3162.8994140625;81377755
11/05/2021;3663.572998046875;3672.663818359375;3618.119384765625;3627.2099609375;3116.041748046875;167031505
17/05/2021;3599.937744140625;3636.30078125;3545.393310546875;3545.393310546875;3045.7548828125;214824800
18/05/2021;3599.937744140625;3599.937744140625;3536.302490234375;3545.393310546875;3045.7548828125;127276708
19/05/2021;3499.939453125;3581.75634765625;3499.939453125;3518.12109375;3022.326171875;135307947
20/05/2021;3490.848876953125;3572.66552734375;3472.667236328125;3527.2119140625;3030.135986328125;164832677
21/05/2021;3563.57470703125;3590.84716796875;3509.0302734375;3536.302490234375;3037.945556640625;121124632
24/05/2021;3609.028564453125;3690.845458984375;3554.484130859375;3672.663818359375;3155.089599609375;147190132
25/05/2021;3699.93603515625;3763.5712890625;3672.663818359375;3690.845458984375;3170.709228515625;168676803
27/05/2021;3763.5712890625;3809.025146484375;3590.84716796875;3590.84716796875;3084.80322265625;622692705
28/05/2021;3672.663818359375;3790.843505859375;3654.482421875;3699.93603515625;3178.518798828125;274099434
31/05/2021;3754.480712890625;3890.841796875;3736.299072265625;3872.660400390625;3326.901611328125;326538660
02/06/2021;3954.47705078125;3981.74951171875;3845.38818359375;3872.660400390625;3326.901611328125;312257333
03/06/2021;3881.751220703125;3963.56787109375;3836.29736328125;3963.56787109375;3404.997802734375;173444725
04/06/2021;3981.74951171875;3990.840087890625;3899.9326171875;3945.386474609375;3389.37890625;138144236
07/06/2021;3945.386474609375;3954.47705078125;3827.20654296875;3863.569580078125;3319.09228515625;152755788
08/06/2021;3890.841796875;3890.841796875;3809.025146484375;3818.115966796875;3280.0439453125;108888570
09/06/2021;3727.208251953125;3881.751220703125;3727.208251953125;3836.29736328125;3295.663330078125;107433795
10/06/2021;3890.841796875;3927.204833984375;3872.660400390625;3909.0234375;3358.14013671875;106984877
11/06/2021;3954.47705078125;3954.47705078125;3890.841796875;3890.841796875;3342.520751953125;57809408
14/06/2021;3936.295654296875;3954.47705078125;3890.841796875;3954.47705078125;3397.188232421875;133363443
15/06/2021;3954.47705078125;3954.47705078125;3827.20654296875;3845.38818359375;3303.472900390625;200713646
16/06/2021;3772.662109375;3790.843505859375;3645.3916015625;3645.3916015625;3131.660888671875;481002668
17/06/2021;3618.119384765625;3699.93603515625;3572.66552734375;3663.572998046875;3147.280029296875;336253477
18/06/2021;3690.845458984375;3690.845458984375;3554.484130859375;3554.484130859375;3053.56494140625;325605954
21/06/2021;3527.2119140625;3609.028564453125;3509.0302734375;3581.75634765625;3076.99365234375;159544775
22/06/2021;3581.75634765625;3699.93603515625;3563.57470703125;3672.663818359375;3155.089599609375;132832794
23/06/2021;3681.754638671875;3699.93603515625;3581.75634765625;3581.75634765625;3076.99365234375;178751767
24/06/2021;3636.30078125;3645.3916015625;3599.937744140625;3627.2099609375;3116.041748046875;55421157
25/06/2021;3663.572998046875;3672.663818359375;3627.2099609375;3627.2099609375;3116.041748046875;83150216
28/06/2021;3618.119384765625;3627.2099609375;3572.66552734375;3572.66552734375;3069.183837890625;155357663
29/06/2021;3509.0302734375;3554.484130859375;3509.0302734375;3545.393310546875;3045.7548828125;133952393
30/06/2021;3545.393310546875;3609.028564453125;3536.302490234375;3581.75634765625;3076.99365234375;124133954
01/07/2021;3581.75634765625;3609.028564453125;3554.484130859375;3581.75634765625;3076.99365234375;105240907
02/07/2021;3636.30078125;3663.572998046875;3609.028564453125;3627.2099609375;3116.041748046875;93832940
05/07/2021;3572.66552734375;3599.937744140625;3527.2119140625;3545.393310546875;3045.7548828125;93466744
06/07/2021;3590.84716796875;3590.84716796875;3536.302490234375;3536.302490234375;3037.945556640625;60849751
07/07/2021;3563.57470703125;3581.75634765625;3463.576416015625;3472.667236328125;2983.278076171875;163599005
08/07/2021;3536.302490234375;3545.393310546875;3472.667236328125;3518.12109375;3022.326171875;162349164
09/07/2021;3509.0302734375;3518.12109375;3436.30419921875;3454.48583984375;2967.65869140625;140611578
12/07/2021;3454.48583984375;3472.667236328125;3409.031982421875;3418.122802734375;2936.420654296875;131702194
13/07/2021;3454.48583984375;3454.48583984375;3418.122802734375;3436.30419921875;2952.03955078125;175683484
14/07/2021;3436.30419921875;3454.48583984375;3363.578369140625;3372.6689453125;2897.3720703125;115704508
15/07/2021;3409.031982421875;3490.848876953125;3390.8505859375;3463.576416015625;2975.46826171875;139855425
16/07/2021;3499.939453125;3509.0302734375;3463.576416015625;3490.848876953125;2998.8974609375;108336691
19/07/2021;3499.939453125;3499.939453125;3436.30419921875;3436.30419921875;2952.03955078125;69326497
21/07/2021;3499.939453125;3527.2119140625;3463.576416015625;3472.667236328125;2983.278076171875;111008747
22/07/2021;3518.12109375;3554.484130859375;3490.848876953125;3545.393310546875;3045.7548828125;93842180
23/07/2021;3581.75634765625;3590.84716796875;3481.758056640625;3518.12109375;3022.326171875;95960267
26/07/2021;3545.393310546875;3545.393310546875;3472.667236328125;3481.758056640625;2991.087646484375;90198037
27/07/2021;3509.0302734375;3509.0302734375;3427.213623046875;3454.48583984375;2967.65869140625;99741692
28/07/2021;3454.48583984375;3463.576416015625;3381.759765625;3390.8505859375;2912.99169921875;77777283
29/07/2021;3418.122802734375;3490.848876953125;3409.031982421875;3427.213623046875;2944.22998046875;102817895
30/07/2021;3481.758056640625;3481.758056640625;3372.6689453125;3372.6689453125;2897.3720703125;113633172
02/08/2021;3427.213623046875;3427.213623046875;3363.578369140625;3399.941162109375;2920.801025390625;105807637
03/08/2021;3399.941162109375;3436.30419921875;3381.759765625;3409.031982421875;2928.611083984375;87862477
04/08/2021;3445.39501953125;3499.939453125;3427.213623046875;3499.939453125;3006.706787109375;91847406
05/08/2021;3545.393310546875;3718.11767578125;3545.393310546875;3681.754638671875;3162.8994140625;294149590
06/08/2021;3681.754638671875;3690.845458984375;3545.393310546875;3572.66552734375;3069.183837890625;152456913
09/08/2021;3581.75634765625;3590.84716796875;3472.667236328125;3499.939453125;3006.706787109375;102404178
10/08/2021;3536.302490234375;3536.302490234375;3463.576416015625;3472.667236328125;2983.278076171875;94349949
12/08/2021;3499.939453125;3499.939453125;3454.48583984375;3463.576416015625;2975.46826171875;94464021
13/08/2021;3472.667236328125;3527.2119140625;3472.667236328125;3518.12109375;3022.326171875;104829940
16/08/2021;3518.12109375;3572.66552734375;3490.848876953125;3572.66552734375;3069.183837890625;70083530
18/08/2021;3627.2099609375;3718.11767578125;3572.66552734375;3699.93603515625;3178.518798828125;247351372
19/08/2021;3636.30078125;3654.482421875;3509.0302734375;3527.2119140625;3030.135986328125;218214729
20/08/2021;3527.2119140625;3581.75634765625;3481.758056640625;3572.66552734375;3069.183837890625;88330535
23/08/2021;3618.119384765625;3627.2099609375;3572.66552734375;3599.937744140625;3092.61279296875;68133856
24/08/2021;3590.84716796875;3599.937744140625;3481.758056640625;3536.302490234375;3037.945556640625;150882016
25/08/2021;3499.939453125;3545.393310546875;3499.939453125;3536.302490234375;3037.945556640625;86571495
26/08/2021;3536.302490234375;3545.393310546875;3490.848876953125;3518.12109375;3022.326171875;69144334
27/08/2021;3536.302490234375;3536.302490234375;3481.758056640625;3490.848876953125;2998.8974609375;79498923
30/08/2021;3499.939453125;3581.75634765625;3490.848876953125;3581.75634765625;3076.99365234375;128539860
31/08/2021;3581.75634765625;3590.84716796875;3518.12109375;3572.66552734375;3069.183837890625;134879489
01/09/2021;3572.66552734375;3572.66552734375;3527.2119140625;3536.302490234375;3037.945556640625;97691477
02/09/2021;3509.0302734375;3536.302490234375;3490.848876953125;3518.12109375;3022.326171875;81242343
03/09/2021;3499.939453125;3572.66552734375;3463.576416015625;3572.66552734375;3069.183837890625;165056860
06/09/2021;3590.84716796875;3618.119384765625;3499.939453125;3499.939453125;3006.706787109375;188929693
07/09/2021;3536.302490234375;3563.57470703125;3518.12109375;3554.484130859375;3053.56494140625;140380354
08/09/2021;3820.0;3880.0;3720.0;3730.0;3204.345947265625;228087900
09/09/2021;3700.0;3770.0;3650.0;3730.0;3204.345947265625;306319600
10/09/2021;3710.0;3790.0;3670.0;3780.0;3247.29931640625;177033000
13/09/2021;3710.0;3750.0;3660.0;3700.0;3178.57373046875;169825000
14/09/2021;3720.0;3730.0;3660.0;3700.0;3178.57373046875;216363400
15/09/2021;3670.0;3670.0;3620.0;3660.0;3144.2109375;263544000
16/09/2021;3650.0;3660.0;3610.0;3640.0;3127.029541015625;194782800
17/09/2021;3630.0;3640.0;3570.0;3610.0;3101.257080078125;346529100
20/09/2021;3590.0;3590.0;3510.0;3590.0;3084.07568359375;357971300
21/09/2021;3510.0;3580.0;3500.0;3570.0;3066.89404296875;410533900
22/09/2021;3520.0;3650.0;3520.0;3610.0;3101.257080078125;416087300
23/09/2021;3600.0;3770.0;3590.0;3770.0;3238.708984375;432390800
24/09/2021;3790.0;3860.0;3770.0;3820.0;3281.66259765625;634549600
27/09/2021;3770.0;3800.0;3730.0;3750.0;3221.527587890625;380151200
28/09/2021;3770.0;3770.0;3690.0;3720.0;3195.75537109375;306827400
29/09/2021;3720.0;3750.0;3690.0;3740.0;3212.936767578125;143081800
30/09/2021;3760.0;3870.0;3750.0;3850.0;3307.434814453125;416099000
01/10/2021;3850.0;3920.0;3830.0;3900.0;3350.388427734375;359864700
04/10/2021;3900.0;4010.0;3890.0;3970.0;3410.523681640625;335762600
05/10/2021;3950.0;3980.0;3910.0;3930.0;3376.16064453125;236562700
06/10/2021;3920.0;4150.0;3920.0;4120.0;3539.384765625;446708800
07/10/2021;4150.0;4170.0;4070.0;4120.0;3539.384765625;264905400
08/10/2021;4190.0;4240.0;4130.0;4160.0;3573.747802734375;196631600
11/10/2021;4160.0;4200.0;4130.0;4180.0;3590.92919921875;146720100
12/10/2021;4180.0;4240.0;4180.0;4220.0;3625.292236328125;241196000
13/10/2021;4230.0;4300.0;4220.0;4280.0;3676.836669921875;264629400
14/10/2021;4280.0;4350.0;4230.0;4250.0;3651.064453125;196989500
15/10/2021;4250.0;4330.0;4220.0;4320.0;3711.19921875;318189600
18/10/2021;4350.0;4410.0;4340.0;4410.0;3788.516357421875;286829000
19/10/2021;4450.0;4450.0;4360.0;4400.0;3779.92529296875;161256300
21/10/2021;4450.0;4460.0;4320.0;4360.0;3745.562744140625;319230200
22/10/2021;4340.0;4400.0;4320.0;4400.0;3779.92529296875;160459300
25/10/2021;4330.0;4370.0;4300.0;4300.0;3694.017822265625;128240100
26/10/2021;4280.0;4370.0;4270.0;4350.0;3736.971923828125;108782400
27/10/2021;4330.0;4340.0;4260.0;4290.0;3685.42724609375;258038300
28/10/2021;4210.0;4300.0;4200.0;4240.0;3642.473388671875;159645200
29/10/2021;4300.0;4300.0;4220.0;4250.0;3651.064453125;155011100
01/11/2021;4330.0;4330.0;4220.0;4230.0;3633.8828125;102079300
02/11/2021;4270.0;4270.0;4210.0;4210.0;3616.701416015625;124799700
03/11/2021;4250.0;4300.0;4210.0;4290.0;3685.42724609375;100486300
04/11/2021;4330.0;4340.0;4250.0;4250.0;3651.064453125;119591100
05/11/2021;4270.0;4270.0;4210.0;4240.0;3642.473388671875;74347000
08/11/2021;4250.0;4260.0;4220.0;4230.0;3633.8828125;79465600
09/11/2021;4230.0;4250.0;4220.0;4250.0;3651.064453125;92453200
10/11/2021;4230.0;4260.0;4210.0;4250.0;3651.064453125;69475400
11/11/2021;4290.0;4300.0;4230.0;4250.0;3651.064453125;149637700
12/11/2021;4270.0;4290.0;4210.0;4220.0;3625.292236328125;80234400
15/11/2021;4220.0;4220.0;4140.0;4160.0;3573.747802734375;220142300
16/11/2021;4120.0;4170.0;4120.0;4130.0;3547.975341796875;163555000
17/11/2021;4170.0;4200.0;4160.0;4200.0;3608.111083984375;126523700
18/11/2021;4150.0;4190.0;4140.0;4180.0;3590.92919921875;114881200
19/11/2021;4220.0;4290.0;4220.0;4280.0;3676.836669921875;182167700
22/11/2021;4310.0;4310.0;4250.0;4280.0;3676.836669921875;151514000
23/11/2021;4280.0;4280.0;4200.0;4210.0;3616.701416015625;104294200
24/11/2021;4200.0;4230.0;4190.0;4210.0;3616.701416015625;111072800
25/11/2021;4180.0;4250.0;4180.0;4220.0;3625.292236328125;123609400
26/11/2021;4190.0;4220.0;4150.0;4160.0;3573.747802734375;148652500
29/11/2021;4150.0;4190.0;4080.0;4170.0;3582.33837890625;164312800
30/11/2021;4150.0;4220.0;4090.0;4090.0;3513.61279296875;316653200
01/12/2021;4090.0;4180.0;4070.0;4080.0;3505.021728515625;163457900
02/12/2021;4060.0;4220.0;4060.0;4200.0;3608.111083984375;139281800
03/12/2021;4210.0;4220.0;4170.0;4170.0;3582.33837890625;93227100
06/12/2021;4200.0;4220.0;4110.0;4110.0;3530.794189453125;106610000
07/12/2021;4190.0;4230.0;4160.0;4230.0;3633.8828125;182048000
08/12/2021;4250.0;4250.0;4170.0;4210.0;3616.701416015625;143230200
09/12/2021;4220.0;4220.0;4160.0;4190.0;3599.519775390625;90471500
10/12/2021;4130.0;4160.0;4130.0;4130.0;3547.975341796875;122999200
13/12/2021;4170.0;4200.0;4160.0;4160.0;3573.747802734375;86848900
14/12/2021;4150.0;4160.0;4130.0;4130.0;3547.975341796875;100110000
15/12/2021;4150.0;4230.0;4140.0;4200.0;3608.111083984375;124522800
16/12/2021;4220.0;4220.0;4120.0;4140.0;3556.566162109375;136646600
17/12/2021;4090.0;4140.0;4090.0;4110.0;3530.794189453125;153165400
20/12/2021;4070.0;4130.0;4060.0;4120.0;3539.384765625;89198900
21/12/2021;4100.0;4120.0;4080.0;4080.0;3505.021728515625;109561800
22/12/2021;4100.0;4110.0;4050.0;4050.0;3479.249755859375;104738000
23/12/2021;4090.0;4110.0;4060.0;4100.0;3522.203125;72736800
24/12/2021;4100.0;4120.0;4050.0;4070.0;3496.43115234375;59795000
27/12/2021;4070.0;4110.0;4060.0;4060.0;3487.840087890625;65491200
28/12/2021;4090.0;4110.0;4070.0;4090.0;3513.61279296875;52952500
29/12/2021;4090.0;4100.0;4070.0;4080.0;3505.021728515625;27676500
30/12/2021;4080.0;4140.0;4060.0;4110.0;3530.794189453125;146989400
03/01/2022;4120.0;4190.0;4090.0;4180.0;3590.92919921875;90842500
04/01/2022;4200.0;4210.0;4160.0;4160.0;3573.747802734375;93950000
05/01/2022;4180.0;4230.0;4130.0;4210.0;3616.701416015625;174376400
06/01/2022;4240.0;4240.0;4140.0;4160.0;3573.747802734375;137280000
07/01/2022;4170.0;4200.0;4150.0;4190.0;3599.519775390625;101275000
10/01/2022;4190.0;4210.0;4180.0;4180.0;3590.92919921875;70722600
11/01/2022;4180.0;4180.0;4130.0;4150.0;3565.156982421875;99404900
12/01/2022;4170.0;4180.0;4130.0;4160.0;3573.747802734375;65907000
13/01/2022;4180.0;4190.0;4170.0;4190.0;3599.519775390625;103522400
14/01/2022;4190.0;4210.0;4160.0;4180.0;3590.92919921875;110213800
17/01/2022;4200.0;4210.0;4180.0;4210.0;3616.701416015625;102957100
18/01/2022;4240.0;4240.0;4140.0;4190.0;3599.519775390625;120275000
19/01/2022;4210.0;4210.0;4130.0;4130.0;3547.975341796875;109954700
20/01/2022;4130.0;4160.0;4110.0;4130.0;3547.975341796875;86394600
21/01/2022;4130.0;4170.0;4110.0;4170.0;3582.33837890625;84972500
24/01/2022;4140.0;4160.0;4100.0;4120.0;3539.384765625;76709900
25/01/2022;4100.0;4110.0;4000.0;4070.0;3496.43115234375;185007800
26/01/2022;4030.0;4100.0;4030.0;4090.0;3513.61279296875;97589500
27/01/2022;4070.0;4140.0;4060.0;4140.0;3556.566162109375;80682900
28/01/2022;4170.0;4170.0;4090.0;4140.0;3556.566162109375;84812100
31/01/2022;4170.0;4170.0;4070.0;4070.0;3496.43115234375;78498500
02/02/2022;4120.0;4120.0;4060.0;4070.0;3496.43115234375;81546300
03/02/2022;4180.0;4180.0;4130.0;4130.0;3547.975341796875;157898800
04/02/2022;4170.0;4210.0;4150.0;4210.0;3616.701416015625;236602900
07/02/2022;4240.0;4410.0;4220.0;4400.0;3779.92529296875;468016600
08/02/2022;4450.0;4550.0;4400.0;4440.0;3814.288330078125;310878100
09/02/2022;4400.0;4500.0;4380.0;4450.0;3822.87939453125;149000100
10/02/2022;4500.0;4500.0;4450.0;4470.0;3840.060791015625;112521600
11/02/2022;4420.0;4450.0;4380.0;4450.0;3822.87939453125;103418200
14/02/2022;4450.0;4450.0;4380.0;4410.0;3788.516357421875;105260000
15/02/2022;4440.0;4450.0;4390.0;4430.0;3805.697998046875;96658500
16/02/2022;4470.0;4470.0;4410.0;4420.0;3797.1064453125;89636300
17/02/2022;4390.0;4410.0;4340.0;4400.0;3779.92529296875;118305100
18/02/2022;4400.0;4440.0;4370.0;4430.0;3805.697998046875;127058000
21/02/2022;4460.0;4490.0;4440.0;4490.0;3857.24169921875;133717300
22/02/2022;4440.0;4470.0;4420.0;4430.0;3805.697998046875;109060900
23/02/2022;4520.0;4520.0;4460.0;4480.0;3848.65185546875;160827800
24/02/2022;4470.0;4470.0;4370.0;4390.0;3771.334716796875;217523600
25/02/2022;4450.0;4550.0;4410.0;4550.0;3908.7861328125;301346400
01/03/2022;4850.0;4860.0;4630.0;4630.0;3977.5126953125;494657800
02/03/2022;4680.0;4690.0;4550.0;4560.0;3917.377685546875;186635200
04/03/2022;4720.0;4730.0;4610.0;4670.0;4011.875732421875;292022600
07/03/2022;4580.0;4630.0;4520.0;4520.0;3883.014404296875;224515800
08/03/2022;4500.0;4560.0;4430.0;4430.0;3805.697998046875;214870200
09/03/2022;4530.0;4590.0;4500.0;4570.0;3925.968017578125;191967100
10/03/2022;4640.0;4640.0;4510.0;4570.0;3925.968017578125;225575800
11/03/2022;4400.0;4440.0;4370.0;4400.0;3929.76513671875;275965300
14/03/2022;4440.0;4540.0;4410.0;4520.0;4036.940673828125;212052100
15/03/2022;4550.0;4640.0;4530.0;4610.0;4117.32177734375;357755700
16/03/2022;4650.0;4660.0;4610.0;4650.0;4153.04736328125;226817000
17/03/2022;4690.0;4700.0;4610.0;4650.0;4153.04736328125;224068000
18/03/2022;4700.0;4700.0;4580.0;4580.0;4090.5283203125;257863400
21/03/2022;4600.0;4630.0;4560.0;4590.0;4099.45947265625;118791900
22/03/2022;4690.0;4710.0;4640.0;4640.0;4144.1162109375;177758500
23/03/2022;4680.0;4690.0;4620.0;4650.0;4153.04736328125;146545100
24/03/2022;4640.0;4730.0;4620.0;4730.0;4224.49755859375;206271600
25/03/2022;4760.0;4760.0;4650.0;4710.0;4206.634765625;137104800
28/03/2022;4730.0;4740.0;4670.0;4730.0;4224.49755859375;106801800
29/03/2022;4750.0;4750.0;4670.0;4690.0;4188.7724609375;93155100
30/03/2022;4740.0;4740.0;4690.0;4710.0;4206.634765625;83364400
31/03/2022;4700.0;4750.0;4660.0;4660.0;4161.978515625;158650000
01/04/2022;4690.0;4730.0;4630.0;4730.0;4224.49755859375;145105000
04/04/2022;4730.0;4730.0;4660.0;4700.0;4197.7041015625;103902000
05/04/2022;4730.0;4740.0;4670.0;4700.0;4197.7041015625;76154300
06/04/2022;4690.0;4690.0;4600.0;4600.0;4108.39111328125;111009800
07/04/2022;4670.0;4670.0;4620.0;4630.0;4135.18505859375;91942500
08/04/2022;4630.0;4650.0;4600.0;4610.0;4117.32177734375;125657900
11/04/2022;4600.0;4620.0;4570.0;4570.0;4081.59716796875;109861100
12/04/2022;4550.0;4610.0;4550.0;4610.0;4117.32177734375;96961200
13/04/2022;4640.0;4640.0;4590.0;4610.0;4117.32177734375;112327600
14/04/2022;4600.0;4610.0;4530.0;4540.0;4054.80322265625;150659600
18/04/2022;4550.0;4580.0;4540.0;4550.0;4063.734130859375;82795100
19/04/2022;4550.0;4600.0;4540.0;4570.0;4081.59716796875;148475600
20/04/2022;4610.0;4870.0;4600.0;4850.0;4331.67333984375;404383100
21/04/2022;4850.0;4850.0;4760.0;4800.0;4287.01708984375;208253300
22/04/2022;4750.0;4850.0;4720.0;4750.0;4242.3603515625;174349500
25/04/2022;4700.0;4850.0;4670.0;4840.0;4322.74169921875;235752400
26/04/2022;4840.0;4980.0;4830.0;4940.0;4412.0546875;262734300
27/04/2022;4900.0;4930.0;4850.0;4850.0;4331.67333984375;191955100
28/04/2022;4870.0;4930.0;4860.0;4870.0;4349.53564453125;193821200
09/05/2022;4750.0;4760.0;4530.0;4530.0;4045.8720703125;561600400
10/05/2022;4260.0;4530.0;4260.0;4530.0;4045.8720703125;435782800
11/05/2022;4550.0;4580.0;4480.0;4490.0;4010.146484375;205233800
12/05/2022;4490.0;4490.0;4300.0;4320.0;3858.314697265625;207373600
13/05/2022;4250.0;4360.0;4250.0;4250.0;3795.796142578125;336711300
17/05/2022;4270.0;4520.0;4270.0;4450.0;3974.421875;272650400
18/05/2022;4500.0;4530.0;4430.0;4450.0;3974.421875;129716500
19/05/2022;4350.0;4460.0;4300.0;4440.0;3965.490234375;132614900
20/05/2022;4440.0;4490.0;4410.0;4430.0;3956.559326171875;122101000
23/05/2022;4410.0;4440.0;4320.0;4330.0;3867.24658203125;175709000
24/05/2022;4320.0;4500.0;4320.0;4460.0;3983.35302734375;165758600
25/05/2022;4430.0;4450.0;4350.0;4350.0;3885.10888671875;138961700
27/05/2022;4500.0;4540.0;4440.0;4540.0;4054.80322265625;209962100
30/05/2022;4540.0;4540.0;4390.0;4430.0;3956.559326171875;193724500
31/05/2022;4470.0;4630.0;4450.0;4630.0;4135.18505859375;379626500
02/06/2022;4540.0;4600.0;4480.0;4480.0;4001.216064453125;225697500
03/06/2022;4530.0;4570.0;4510.0;4520.0;4036.940673828125;117643300
06/06/2022;4470.0;4510.0;4400.0;4430.0;3956.559326171875;157277700
07/06/2022;4460.0;4460.0;4400.0;4400.0;3929.76513671875;133318000
08/06/2022;4400.0;4470.0;4380.0;4470.0;3992.284423828125;150604000
09/06/2022;4500.0;4520.0;4480.0;4490.0;4010.146484375;161768800
10/06/2022;4470.0;4470.0;4360.0;4400.0;3929.76513671875;222410400
13/06/2022;4260.0;4350.0;4260.0;4340.0;3876.177734375;164017200
14/06/2022;4300.0;4410.0;4300.0;4360.0;3894.040283203125;150381800
15/06/2022;4360.0;4450.0;4360.0;4450.0;3974.421875;160729900
16/06/2022;4420.0;4530.0;4410.0;4430.0;3956.559326171875;240023000
17/06/2022;4370.0;4400.0;4350.0;4370.0;3902.97119140625;185763100
20/06/2022;4400.0;4410.0;4340.0;4400.0;3929.76513671875;95058800
21/06/2022;4430.0;4430.0;4380.0;4380.0;3911.90283203125;103964600
22/06/2022;4410.0;4410.0;4310.0;4320.0;3858.314697265625;106208500
23/06/2022;4300.0;4360.0;4300.0;4310.0;3849.384033203125;127600700
24/06/2022;4320.0;4350.0;4310.0;4340.0;3876.177734375;66083900
27/06/2022;4310.0;4330.0;4270.0;4280.0;3822.58984375;152306100
28/06/2022;4320.0;4330.0;4280.0;4300.0;3840.4521484375;178535800
29/06/2022;4280.0;4310.0;4180.0;4180.0;3733.277099609375;228536100
30/06/2022;4120.0;4220.0;4120.0;4150.0;3706.483154296875;239939100
01/07/2022;4150.0;4200.0;4110.0;4140.0;3697.5517578125;154659500
04/07/2022;4090.0;4120.0;3960.0;4040.0;3608.239013671875;246853600
05/07/2022;4040.0;4160.0;4040.0;4090.0;3652.895751953125;180648400
06/07/2022;4050.0;4100.0;4020.0;4080.0;3643.964111328125;125309100
07/07/2022;4040.0;4110.0;4040.0;4050.0;3617.17041015625;172127500
08/07/2022;4090.0;4200.0;4050.0;4200.0;3751.139892578125;112914000
11/07/2022;4150.0;4170.0;4100.0;4120.0;3679.689208984375;80867700
12/07/2022;4120.0;4140.0;4100.0;4110.0;3670.758056640625;56085200
13/07/2022;4110.0;4130.0;4030.0;4060.0;3626.101318359375;165745200
14/07/2022;4010.0;4090.0;4010.0;4070.0;3635.032958984375;188729700
15/07/2022;4060.0;4120.0;4050.0;4110.0;3670.758056640625;91362800
18/07/2022;4110.0;4140.0;4080.0;4140.0;3697.5517578125;135284500
19/07/2022;4150.0;4150.0;4110.0;4110.0;3670.758056640625;122905900
20/07/2022;4180.0;4300.0;4160.0;4300.0;3840.4521484375;220223600
21/07/2022;4300.0;4310.0;4230.0;4310.0;3849.384033203125;130405400
22/07/2022;4330.0;4330.0;4270.0;4270.0;3813.658447265625;86561100
25/07/2022;4250.0;4300.0;4250.0;4250.0;3795.796142578125;60952800
26/07/2022;4270.0;4350.0;4260.0;4330.0;3867.24658203125;97709800
27/07/2022;4380.0;4380.0;4300.0;4320.0;3858.314697265625;88570800
28/07/2022;4340.0;4400.0;4340.0;4360.0;3894.040283203125;136421400
29/07/2022;4390.0;4430.0;4340.0;4360.0;3894.040283203125;228669400
01/08/2022;4390.0;4410.0;4330.0;4360.0;3894.040283203125;200791700
02/08/2022;4360.0;4400.0;4300.0;4400.0;3929.76513671875;173931000
03/08/2022;4410.0;4420.0;4350.0;4380.0;3911.90283203125;103412300
04/08/2022;4380.0;4390.0;4350.0;4360.0;3894.040283203125;120175700
05/08/2022;4360.0;4400.0;4320.0;4360.0;3894.040283203125;168879400
08/08/2022;4360.0;4400.0;4340.0;4370.0;3902.97119140625;107242600
09/08/2022;4400.0;4470.0;4390.0;4410.0;3938.69677734375;181747100
10/08/2022;4350.0;4370.0;4300.0;4310.0;3849.384033203125;205341100
11/08/2022;4380.0;4410.0;4340.0;4350.0;3885.10888671875;193329000
12/08/2022;4340.0;4350.0;4320.0;4320.0;3858.314697265625;103916700
15/08/2022;4330.0;4350.0;4300.0;4300.0;3840.4521484375;135099400
16/08/2022;4350.0;4350.0;4270.0;4280.0;3822.58984375;205432400
18/08/2022;4330.0;4340.0;4310.0;4330.0;3867.24658203125;138795300
19/08/2022;4340.0;4340.0;4300.0;4300.0;3840.4521484375;84552100
22/08/2022;4320.0;4330.0;4270.0;4270.0;3813.658447265625;121124400
23/08/2022;4260.0;4310.0;4260.0;4300.0;3840.4521484375;107799500
24/08/2022;4300.0;4330.0;4280.0;4290.0;3831.52099609375;75055900
25/08/2022;4280.0;4300.0;4270.0;4270.0;3813.658447265625;117653800
26/08/2022;4280.0;4290.0;4270.0;4270.0;3813.658447265625;87375200
29/08/2022;4250.0;4270.0;4220.0;4250.0;3795.796142578125;88409800
30/08/2022;4250.0;4300.0;4250.0;4260.0;3804.727294921875;157219500
31/08/2022;4250.0;4350.0;4240.0;4340.0;3876.177734375;191475700
01/09/2022;4320.0;4390.0;4310.0;4390.0;3920.833984375;139929300
02/09/2022;4410.0;4450.0;4380.0;4450.0;3974.421875;220616600
05/09/2022;4430.0;4600.0;4420.0;4590.0;4099.45947265625;261126600
06/09/2022;4670.0;4690.0;4550.0;4560.0;4072.666259765625;188042700
07/09/2022;4510.0;4550.0;4460.0;4460.0;3983.35302734375;231936700
08/09/2022;4480.0;4620.0;4480.0;4600.0;4108.39111328125;250373200
09/09/2022;4640.0;4640.0;4570.0;4610.0;4117.32177734375;119286700
12/09/2022;4610.0;4630.0;4560.0;4560.0;4072.666259765625;97988000
13/09/2022;4560.0;4640.0;4560.0;4580.0;4090.5283203125;141828800
14/09/2022;4520.0;4610.0;4510.0;4580.0;4090.5283203125;149960600
15/09/2022;4600.0;4700.0;4590.0;4610.0;4117.32177734375;295664100
16/09/2022;4610.0;4620.0;4500.0;4500.0;4019.078125;282492200
19/09/2022;4520.0;4600.0;4500.0;4570.0;4081.59716796875;134432000
20/09/2022;4570.0;4600.0;4490.0;4490.0;4010.146484375;138695500
21/09/2022;4490.0;4550.0;4470.0;4550.0;4063.734130859375;159976900
22/09/2022;4500.0;4580.0;4500.0;4560.0;4072.666259765625;100425300
23/09/2022;4540.0;4560.0;4480.0;4480.0;4001.216064453125;139074000
26/09/2022;4480.0;4540.0;4410.0;4540.0;4054.80322265625;280747500
27/09/2022;4500.0;4550.0;4480.0;4530.0;4045.8720703125;213704600
28/09/2022;4510.0;4560.0;4480.0;4520.0;4036.940673828125;161815300
29/09/2022;4520.0;4540.0;4460.0;4480.0;4001.216064453125;169368600
30/09/2022;4450.0;4510.0;4410.0;4490.0;4010.146484375;224229200
03/10/2022;4500.0;4550.0;4480.0;4530.0;4045.8720703125;159559600
04/10/2022;4560.0;4650.0;4560.0;4640.0;4144.1162109375;256367100
05/10/2022;4660.0;4660.0;4540.0;4540.0;4054.80322265625;182246200
06/10/2022;4540.0;4570.0;4510.0;4510.0;4028.009521484375;123346200
07/10/2022;4480.0;4490.0;4430.0;4440.0;3965.490234375;133678600
10/10/2022;4420.0;4430.0;4340.0;4370.0;3902.97119140625;193923600
11/10/2022;4390.0;4430.0;4370.0;4430.0;3956.559326171875;133742200
12/10/2022;4470.0;4470.0;4400.0;4400.0;3929.76513671875;128741800
13/10/2022;4390.0;4420.0;4350.0;4350.0;3885.10888671875;104269900
14/10/2022;4380.0;4390.0;4270.0;4270.0;3813.658447265625;180841100
17/10/2022;4270.0;4320.0;4260.0;4300.0;3840.4521484375;145506000
18/10/2022;4280.0;4340.0;4280.0;4290.0;3831.52099609375;161444100
19/10/2022;4280.0;4340.0;4280.0;4300.0;3840.4521484375;81682300
20/10/2022;4280.0;4400.0;4280.0;4390.0;3920.833984375;149521700
21/10/2022;4360.0;4460.0;4360.0;4430.0;3956.559326171875;165052200
24/10/2022;4430.0;4540.0;4430.0;4500.0;4019.078125;186997700
25/10/2022;4560.0;4610.0;4550.0;4590.0;4099.45947265625;233948800
26/10/2022;4600.0;4610.0;4500.0;4530.0;4045.8720703125;178298500
27/10/2022;4550.0;4600.0;4530.0;4600.0;4108.39111328125;131385300
28/10/2022;4600.0;4630.0;4560.0;4630.0;4135.18505859375;227256400
31/10/2022;4630.0;4680.0;4630.0;4650.0;4153.04736328125;275184000
01/11/2022;4690.0;4700.0;4630.0;4660.0;4161.978515625;230590200
02/11/2022;4680.0;4680.0;4570.0;4610.0;4117.32177734375;163816900
03/11/2022;4630.0;4660.0;4590.0;4650.0;4153.04736328125;174423000
04/11/2022;4650.0;4660.0;4610.0;4650.0;4153.04736328125;85292300
07/11/2022;4650.0;4690.0;4610.0;4690.0;4188.7724609375;112070500
08/11/2022;4690.0;4690.0;4610.0;4620.0;4126.25341796875;80916300
09/11/2022;4600.0;4650.0;4600.0;4650.0;4153.04736328125;126493900
10/11/2022;4560.0;4580.0;4520.0;4530.0;4045.8720703125;196277400
11/11/2022;4620.0;4650.0;4590.0;4650.0;4153.04736328125;153238500
14/11/2022;4620.0;4640.0;4550.0;4580.0;4090.5283203125;140187600
15/11/2022;4580.0;4610.0;4560.0;4580.0;4090.5283203125;87986300
16/11/2022;4590.0;4610.0;4490.0;4520.0;4036.940673828125;245789200
17/11/2022;4520.0;4670.0;4500.0;4670.0;4170.91015625;214514600
18/11/2022;4670.0;4680.0;4610.0;4610.0;4117.32177734375;105313200
21/11/2022;4620.0;4630.0;4560.0;4590.0;4099.45947265625;82279300
22/11/2022;4570.0;4670.0;4570.0;4590.0;4099.45947265625;154866000
23/11/2022;4640.0;4670.0;4630.0;4670.0;4170.91015625;147280600
24/11/2022;4700.0;4740.0;4670.0;4720.0;4215.56640625;156735700
25/11/2022;4700.0;4750.0;4690.0;4750.0;4242.3603515625;177861100
28/11/2022;4730.0;4830.0;4730.0;4820.0;4304.87939453125;214611600
29/11/2022;4820.0;4860.0;4790.0;4850.0;4331.67333984375;184916300
30/11/2022;4810.0;4980.0;4800.0;4980.0;4447.77978515625;560639800
01/12/2022;5000.0;5025.0;4900.0;4940.0;4412.0546875;267382600
02/12/2022;4900.0;4930.0;4860.0;4890.0;4367.3984375;199981400
05/12/2022;4910.0;4930.0;4860.0;4890.0;4367.3984375;88463000
06/12/2022;4860.0;4890.0;4800.0;4860.0;4340.60400390625;151325300
07/12/2022;4840.0;4840.0;4740.0;4760.0;4251.29150390625;253330100
08/12/2022;4760.0;4840.0;4710.0;4840.0;4322.74169921875;154313900
09/12/2022;4830.0;4840.0;4760.0;4800.0;4287.01708984375;203573100
12/12/2022;4800.0;4850.0;4760.0;4850.0;4331.67333984375;139582400
13/12/2022;4870.0;4980.0;4840.0;4970.0;4438.8486328125;194233200
14/12/2022;5000.0;5000.0;4870.0;4980.0;4447.77978515625;201275800
15/12/2022;4900.0;4940.0;4880.0;4910.0;4385.2607421875;170702300
16/12/2022;4820.0;4980.0;4820.0;4980.0;4447.77978515625;594601900
19/12/2022;4970.0;4980.0;4920.0;4970.0;4438.8486328125;82959800
20/12/2022;4930.0;4970.0;4890.0;4910.0;4385.2607421875;78671600
21/12/2022;4910.0;4940.0;4870.0;4890.0;4367.3984375;71277800
22/12/2022;4910.0;4970.0;4900.0;4960.0;4429.91748046875;87321400
23/12/2022;4920.0;4940.0;4880.0;4880.0;4358.466796875;53350600
26/12/2022;4900.0;4930.0;4890.0;4930.0;4403.123046875;43581100
27/12/2022;4930.0;4950.0;4860.0;4870.0;4349.53564453125;74123800
28/12/2022;4870.0;4880.0;4810.0;4820.0;4304.87939453125;117912500
29/12/2022;4820.0;4870.0;4800.0;4870.0;4349.53564453125;106690700
30/12/2022;4870.0;4950.0;4870.0;4940.0;4412.0546875;182091500
02/01/2023;4910.0;4920.0;4820.0;4870.0;4349.53564453125;100200100
03/01/2023;4830.0;4900.0;4830.0;4850.0;4331.67333984375;95136500
04/01/2023;4850.0;4850.0;4770.0;4770.0;4260.22265625;188071000
05/01/2023;4750.0;4760.0;4570.0;4640.0;4144.1162109375;292142000
06/01/2023;4550.0;4640.0;4550.0;4620.0;4126.25341796875;175932000
09/01/2023;4580.0;4640.0;4550.0;4590.0;4099.45947265625;166164900
10/01/2023;4550.0;4570.0;4410.0;4430.0;4006.310791015625;282510000
11/01/2023;4410.0;4430.0;4360.0;4380.0;3961.093017578125;211610100
12/01/2023;4480.0;4520.0;4410.0;4500.0;4069.615966796875;210887800
13/01/2023;4510.0;4530.0;4420.0;4480.0;4051.529052734375;134592100
16/01/2023;4430.0;4530.0;4420.0;4520.0;4087.702880859375;172170900
17/01/2023;4520.0;4580.0;4510.0;4560.0;4123.8779296875;150577400
18/01/2023;4560.0;4620.0;4560.0;4600.0;4160.05224609375;178026000
19/01/2023;4590.0;4630.0;4580.0;4610.0;4169.09521484375;117204100
20/01/2023;4630.0;4670.0;4620.0;4650.0;4205.27001953125;116038300
24/01/2023;4660.0;4680.0;4590.0;4620.0;4178.13916015625;81964700
25/01/2023;4620.0;4620.0;4550.0;4560.0;4123.8779296875;84009300
26/01/2023;4560.0;4620.0;4550.0;4590.0;4151.00830078125;113840400
27/01/2023;4600.0;4680.0;4600.0;4640.0;4196.2265625;178282600
30/01/2023;4650.0;4680.0;4570.0;4610.0;4169.09521484375;185972400
31/01/2023;4610.0;4620.0;4570.0;4580.0;4141.96484375;280039200
01/02/2023;4630.0;4690.0;4620.0;4680.0;4232.400390625;181849300
02/02/2023;4650.0;4680.0;4600.0;4600.0;4160.05224609375;145413400
03/02/2023;4650.0;4780.0;4630.0;4750.0;4295.70556640625;198479900
06/02/2023;4780.0;4810.0;4680.0;4740.0;4286.662109375;141366300
07/02/2023;4740.0;4790.0;4720.0;4750.0;4295.70556640625;140923100
08/02/2023;4710.0;4790.0;4710.0;4790.0;4331.8798828125;168599500
09/02/2023;4790.0;4840.0;4770.0;4810.0;4349.96728515625;177400700
10/02/2023;4840.0;4880.0;4770.0;4860.0;4395.18505859375;181146600
13/02/2023;4900.0;4900.0;4800.0;4800.0;4340.923828125;144569400
14/02/2023;4820.0;4870.0;4810.0;4870.0;4404.228515625;120995200
15/02/2023;4890.0;4890.0;4810.0;4870.0;4404.228515625;84568100
16/02/2023;4890.0;4890.0;4850.0;4870.0;4404.228515625;69966200
17/02/2023;4890.0;4890.0;4830.0;4880.0;4413.27197265625;104019300
20/02/2023;4900.0;4900.0;4840.0;4880.0;4413.27197265625;88432500
21/02/2023;4880.0;4880.0;4820.0;4820.0;4359.0107421875;59319100
22/02/2023;4790.0;4810.0;4730.0;4760.0;4304.7490234375;107327900
23/02/2023;4810.0;4810.0;4730.0;4800.0;4340.923828125;139144500
24/02/2023;4800.0;4840.0;4760.0;4760.0;4304.7490234375;46409300
27/02/2023;4780.0;4810.0;4760.0;4810.0;4349.96728515625;89918800
28/02/2023;4760.0;4790.0;4670.0;4670.0;4223.35693359375;273125500
01/03/2023;4730.0;4750.0;4700.0;4720.0;4268.57470703125;115578600
02/03/2023;4750.0;4780.0;4720.0;4780.0;4322.83642578125;59377900
03/03/2023;4800.0;4800.0;4730.0;4760.0;4304.7490234375;84777000
06/03/2023;4790.0;4800.0;4780.0;4790.0;4331.8798828125;78292000
07/03/2023;4770.0;4850.0;4770.0;4840.0;4377.09765625;111953700
08/03/2023;4850.0;4850.0;4820.0;4840.0;4377.09765625;125766100
09/03/2023;4860.0;4870.0;4810.0;4810.0;4349.96728515625;79549800
10/03/2023;4820.0;4830.0;4800.0;4820.0;4359.0107421875;125140500
13/03/2023;4810.0;4870.0;4770.0;4830.0;4368.05419921875;106769300
14/03/2023;4770.0;4790.0;4690.0;4710.0;4259.53125;192444400
15/03/2023;4760.0;4770.0;4700.0;4700.0;4250.48779296875;107761200
16/03/2023;4700.0;4750.0;4640.0;4730.0;4277.61865234375;155984500
17/03/2023;4770.0;4900.0;4750.0;4900.0;4431.359375;267753300
20/03/2023;4840.0;4880.0;4820.0;4880.0;4413.27197265625;113829400
21/03/2023;4870.0;4920.0;4840.0;4900.0;4431.359375;214639300
24/03/2023;4750.0;4820.0;4720.0;4770.0;4527.43359375;266103900
27/03/2023;4750.0;4790.0;4720.0;4740.0;4498.958984375;144925200
28/03/2023;4740.0;4780.0;4740.0;4770.0;4527.43359375;105217100
29/03/2023;4800.0;4820.0;4770.0;4810.0;4565.3994140625;141800500
30/03/2023;4810.0;4810.0;4740.0;4750.0;4508.45068359375;98847200
31/03/2023;4730.0;4750.0;4710.0;4730.0;4489.4677734375;161561800
03/04/2023;4770.0;4800.0;4760.0;4800.0;4555.90771484375;133511700
04/04/2023;4800.0;4820.0;4760.0;4820.0;4574.89111328125;88097800
05/04/2023;4810.0;4880.0;4800.0;4830.0;4584.3828125;119316500
06/04/2023;4860.0;4860.0;4820.0;4840.0;4593.8740234375;88012300
10/04/2023;4860.0;4860.0;4820.0;4860.0;4612.85693359375;58886800
11/04/2023;4860.0;4890.0;4830.0;4880.0;4631.83984375;67275600
12/04/2023;4950.0;4950.0;4890.0;4930.0;4679.29736328125;194839900
13/04/2023;4950.0;5000.0;4930.0;4980.0;4726.75439453125;141279800
14/04/2023;5050.0;5100.0;5000.0;5075.0;4816.923828125;190097200
17/04/2023;5075.0;5075.0;4960.0;4990.0;4736.24609375;121231300
18/04/2023;4990.0;5025.0;4950.0;4950.0;4698.2802734375;95747700
26/04/2023;5150.0;5150.0;4930.0;5025.0;4769.46630859375;273336000
27/04/2023;4990.0;5150.0;4990.0;5150.0;4888.10986328125;125947200
28/04/2023;5175.0;5275.0;5100.0;5100.0;4840.65185546875;251912000
02/05/2023;5175.0;5175.0;5050.0;5150.0;4888.10986328125;84246100
03/05/2023;5225.0;5225.0;5050.0;5100.0;4840.65185546875;183524700
04/05/2023;5150.0;5175.0;5075.0;5150.0;4888.10986328125;140482000
05/05/2023;5225.0;5250.0;5125.0;5225.0;4959.29541015625;182599600
08/05/2023;5250.0;5250.0;5050.0;5100.0;4840.65185546875;107804200
09/05/2023;5050.0;5125.0;5025.0;5125.0;4864.380859375;102987300
10/05/2023;5075.0;5150.0;5050.0;5150.0;4888.10986328125;108369600
11/05/2023;5175.0;5175.0;5100.0;5150.0;4888.10986328125;85618800
12/05/2023;5100.0;5175.0;5100.0;5150.0;4888.10986328125;92625800
15/05/2023;5150.0;5175.0;5025.0;5150.0;4888.10986328125;163732600
16/05/2023;5175.0;5200.0;5100.0;5200.0;4935.5673828125;73611200
17/05/2023;5250.0;5250.0;5175.0;5200.0;4935.5673828125;115834500
19/05/2023;5225.0;5450.0;5200.0;5400.0;5125.396484375;185672200
22/05/2023;5300.0;5500.0;5300.0;5425.0;5149.125;162655900
23/05/2023;5475.0;5600.0;5475.0;5500.0;5220.3115234375;255251600
24/05/2023;5525.0;5600.0;5450.0;5600.0;5315.22607421875;187436100
25/05/2023;5500.0;5575.0;5450.0;5475.0;5196.58251953125;224391900
26/05/2023;5425.0;5600.0;5425.0;5600.0;5315.22607421875;154003100
29/05/2023;5600.0;5625.0;5475.0;5550.0;5267.7685546875;125049100
30/05/2023;5500.0;5600.0;5500.0;5500.0;5220.3115234375;67363200
31/05/2023;5575.0;5575.0;5375.0;5575.0;5291.49755859375;898453700
05/06/2023;5600.0;5600.0;5425.0;5425.0;5149.125;255472600
06/06/2023;5400.0;5500.0;5350.0;5450.0;5172.85400390625;92019300
07/06/2023;5475.0;5475.0;5350.0;5400.0;5125.396484375;150377000
08/06/2023;5375.0;5475.0;5350.0;5475.0;5196.58251953125;92794100
09/06/2023;5425.0;5450.0;5375.0;5425.0;5149.125;77251000
12/06/2023;5400.0;5400.0;5375.0;5400.0;5125.396484375;92314200
13/06/2023;5400.0;5550.0;5400.0;5550.0;5267.7685546875;108831400
14/06/2023;5575.0;5575.0;5475.0;5550.0;5267.7685546875;79137600
15/06/2023;5475.0;5525.0;5450.0;5525.0;5244.0400390625;74388400
16/06/2023;5475.0;5550.0;5400.0;5550.0;5267.7685546875;189062600
19/06/2023;5500.0;5525.0;5450.0;5525.0;5244.0400390625;55144200
20/06/2023;5475.0;5550.0;5475.0;5550.0;5267.7685546875;102926800
21/06/2023;5500.0;5575.0;5500.0;5575.0;5291.49755859375;84605400
22/06/2023;5550.0;5600.0;5475.0;5475.0;5196.58251953125;94143200
23/06/2023;5425.0;5475.0;5400.0;5400.0;5125.396484375;123350300
26/06/2023;5425.0;5475.0;5375.0;5450.0;5172.85400390625;85472100
27/06/2023;5450.0;5500.0;5425.0;5425.0;5149.125;110716500
03/07/2023;5500.0;5550.0;5450.0;5475.0;5196.58251953125;168559800
04/07/2023;5500.0;5500.0;5425.0;5450.0;5172.85400390625;94462600
05/07/2023;5400.0;5450.0;5400.0;5450.0;5172.85400390625;109632800
06/07/2023;5450.0;5475.0;5400.0;5425.0;5149.125;109446200
07/07/2023;5400.0;5425.0;5375.0;5375.0;5101.66796875;114043800
10/07/2023;5425.0;5500.0;5400.0;5400.0;5125.396484375;78972100
11/07/2023;5375.0;5450.0;5375.0;5425.0;5149.125;122094700
12/07/2023;5450.0;5475.0;5425.0;5450.0;5172.85400390625;104993700
13/07/2023;5425.0;5475.0;5425.0;5450.0;5172.85400390625;134905700
14/07/2023;5450.0;5525.0;5425.0;5525.0;5244.0400390625;127814200
17/07/2023;5550.0;5625.0;5525.0;5575.0;5291.49755859375;166951300
18/07/2023;5625.0;5700.0;5600.0;5625.0;5338.955078125;120810300
20/07/2023;5575.0;5650.0;5550.0;5625.0;5338.955078125;111117300
21/07/2023;5600.0;5625.0;5575.0;5625.0;5338.955078125;63094600
24/07/2023;5600.0;5650.0;5600.0;5600.0;5315.22607421875;62962500
25/07/2023;5625.0;5700.0;5625.0;5650.0;5362.68310546875;111248100
26/07/2023;5700.0;5700.0;5650.0;5675.0;5386.412109375;76200300
27/07/2023;5675.0;5750.0;5650.0;5650.0;5362.68310546875;109859200
28/07/2023;5625.0;5700.0;5625.0;5700.0;5410.140625;74036700
31/07/2023;5700.0;5700.0;5650.0;5650.0;5362.68310546875;186727400
01/08/2023;5650.0;5750.0;5650.0;5700.0;5410.140625;100137500
02/08/2023;5650.0;5725.0;5650.0;5700.0;5410.140625;90611300
03/08/2023;5675.0;5750.0;5650.0;5700.0;5410.140625;82775000
04/08/2023;5700.0;5725.0;5575.0;5575.0;5291.49755859375;150738500
07/08/2023;5600.0;5725.0;5575.0;5700.0;5410.140625;88104900
08/08/2023;5700.0;5750.0;5600.0;5625.0;5338.955078125;89189600
09/08/2023;5650.0;5725.0;5625.0;5700.0;5410.140625;91930000
10/08/2023;5675.0;5725.0;5675.0;5700.0;5410.140625;85474200
11/08/2023;5675.0;5700.0;5650.0;5650.0;5362.68310546875;74321000
14/08/2023;5650.0;5675.0;5575.0;5650.0;5362.68310546875;127358400
15/08/2023;5650.0;5675.0;5575.0;5575.0;5291.49755859375;89597300
16/08/2023;5550.0;5575.0;5450.0;5525.0;5244.0400390625;188191900
18/08/2023;5500.0;5600.0;5500.0;5575.0;5291.49755859375;121561200
21/08/2023;5550.0;5575.0;5500.0;5500.0;5220.3115234375;91640000
22/08/2023;5500.0;5625.0;5500.0;5575.0;5291.49755859375;101221500
23/08/2023;5600.0;5625.0;5575.0;5600.0;5315.22607421875;78686900
24/08/2023;5625.0;5625.0;5550.0;5550.0;5267.7685546875;74407500
25/08/2023;5550.0;5600.0;5525.0;5600.0;5315.22607421875;65096500
28/08/2023;5600.0;5625.0;5550.0;5550.0;5267.7685546875;37126600
29/08/2023;5525.0;5600.0;5525.0;5600.0;5315.22607421875;57547200
30/08/2023;5600.0;5600.0;5500.0;5525.0;5244.0400390625;171282700
31/08/2023;5525.0;5550.0;5475.0;5550.0;5267.7685546875;175088200
01/09/2023;5600.0;5600.0;5525.0;5575.0;5291.49755859375;87366100
04/09/2023;5600.0;5625.0;5575.0;5625.0;5338.955078125;43898200
05/09/2023;5625.0;5650.0;5600.0;5625.0;5338.955078125;72464300
06/09/2023;5625.0;5650.0;5575.0;5575.0;5291.49755859375;106367800
07/09/2023;5525.0;5550.0;5450.0;5450.0;5172.85400390625;157998600
08/09/2023;5425.0;5450.0;5300.0;5350.0;5077.93896484375;243324500
11/09/2023;5350.0;5425.0;5300.0;5425.0;5149.125;80474100
12/09/2023;5450.0;5475.0;5375.0;5375.0;5101.66796875;121654400
13/09/2023;5350.0;5425.0;5350.0;5400.0;5125.396484375;59408000
14/09/2023;5325.0;5425.0;5325.0;5425.0;5149.125;76831700
15/09/2023;5400.0;5450.0;5375.0;5375.0;5101.66796875;141455400
18/09/2023;5350.0;5400.0;5300.0;5325.0;5054.21044921875;61329000
19/09/2023;5325.0;5375.0;5300.0;5375.0;5101.66796875;50612700
20/09/2023;5350.0;5450.0;5350.0;5375.0;5101.66796875;98710100
21/09/2023;5425.0;5425.0;5350.0;5350.0;5077.93896484375;68584900
22/09/2023;5350.0;5425.0;5350.0;5350.0;5077.93896484375;83184100
25/09/2023;5325.0;5350.0;5200.0;5300.0;5030.48193359375;120196700
26/09/2023;5250.0;5275.0;5200.0;5200.0;4935.5673828125;180280600
27/09/2023;5175.0;5300.0;5175.0;5225.0;4959.29541015625;119774700
29/09/2023;5300.0;5325.0;5225.0;5225.0;4959.29541015625;140331100
02/10/2023;5250.0;5300.0;5250.0;5250.0;4983.0244140625;81674600
03/10/2023;5250.0;5300.0;5250.0;5275.0;5006.75341796875;54462700
04/10/2023;5250.0;5275.0;5200.0;5250.0;4983.0244140625;121445000
05/10/2023;5250.0;5275.0;5175.0;5175.0;4911.83837890625;116814800
06/10/2023;5200.0;5250.0;5175.0;5175.0;4911.83837890625;70202300
09/10/2023;5200.0;5225.0;5125.0;5125.0;4864.380859375;144477000
10/10/2023;5125.0;5250.0;5125.0;5175.0;4911.83837890625;98457000
11/10/2023;5150.0;5275.0;5150.0;5250.0;4983.0244140625;100394800
12/10/2023;5300.0;5375.0;5275.0;5300.0;5030.48193359375;174022400
13/10/2023;5275.0;5325.0;5250.0;5275.0;5006.75341796875;84648800
16/10/2023;5325.0;5325.0;5250.0;5250.0;4983.0244140625;45782300
17/10/2023;5250.0;5275.0;5150.0;5150.0;4888.10986328125;127287200
18/10/2023;5125.0;5225.0;5125.0;5150.0;4888.10986328125;77217600
19/10/2023;5100.0;5150.0;5000.0;5000.0;4745.7373046875;195831400
20/10/2023;4980.0;5100.0;4960.0;5050.0;4793.19482421875;173353600
23/10/2023;5000.0;5075.0;4990.0;5000.0;4745.7373046875;82756100
24/10/2023;5000.0;5100.0;4950.0;5100.0;4840.65185546875;104021500
25/10/2023;5100.0;5200.0;5100.0;5175.0;4911.83837890625;142215000
26/10/2023;5175.0;5175.0;4920.0;4920.0;4669.8056640625;330618800
27/10/2023;4950.0;5050.0;4940.0;5000.0;4745.7373046875;129599800
30/10/2023;4980.0;5025.0;4970.0;5000.0;4745.7373046875;108523700
31/10/2023;4980.0;5000.0;4960.0;4960.0;4707.771484375;106760300
01/11/2023;4920.0;4960.0;4830.0;4830.0;4584.3828125;191567200
02/11/2023;4940.0;5075.0;4910.0;5000.0;4745.7373046875;208075400
03/11/2023;5025.0;5175.0;5025.0;5100.0;4840.65185546875;125504000
06/11/2023;5100.0;5200.0;5100.0;5200.0;4935.5673828125;122333800
07/11/2023;5225.0;5275.0;5175.0;5250.0;4983.0244140625;137039400
08/11/2023;5200.0;5250.0;5175.0;5225.0;4959.29541015625;86713700
09/11/2023;5225.0;5275.0;5200.0;5200.0;4935.5673828125;66236400
10/11/2023;5150.0;5150.0;5050.0;5075.0;4816.923828125;113811900
13/11/2023;5075.0;5125.0;5025.0;5025.0;4769.46630859375;63126900
14/11/2023;5075.0;5125.0;5050.0;5075.0;4816.923828125;85419500
15/11/2023;5200.0;5300.0;5175.0;5250.0;4983.0244140625;193790400
16/11/2023;5275.0;5275.0;5175.0;5250.0;4983.0244140625;99488800
17/11/2023;5175.0;5250.0;5175.0;5225.0;4959.29541015625;70727500
20/11/2023;5175.0;5275.0;5175.0;5250.0;4983.0244140625;54123600
21/11/2023;5225.0;5250.0;5175.0;5200.0;4935.5673828125;104110500
22/11/2023;5175.0;5300.0;5175.0;5275.0;5006.75341796875;103585500
23/11/2023;5325.0;5400.0;5300.0;5350.0;5077.93896484375;174572400
24/11/2023;5400.0;5450.0;5375.0;5400.0;5125.396484375;92571400
27/11/2023;5425.0;5450.0;5350.0;5350.0;5077.93896484375;76019100
28/11/2023;5325.0;5425.0;5325.0;5350.0;5077.93896484375;147993400
29/11/2023;5350.0;5375.0;5300.0;5300.0;5030.48193359375;106197800
30/11/2023;5375.0;5375.0;5275.0;5275.0;5006.75341796875;224426400
01/12/2023;5275.0;5375.0;5275.0;5350.0;5077.93896484375;99499500
04/12/2023;5450.0;5575.0;5450.0;5500.0;5220.3115234375;235595700
05/12/2023;5425.0;5500.0;5425.0;5450.0;5172.85400390625;114689900
06/12/2023;5425.0;5450.0;5400.0;5425.0;5149.125;119716700
07/12/2023;5400.0;5475.0;5400.0;5475.0;5196.58251953125;102126600
08/12/2023;5425.0;5450.0;5375.0;5375.0;5101.66796875;130542600
11/12/2023;5325.0;5375.0;5300.0;5300.0;5030.48193359375;124468600
12/12/2023;5375.0;5400.0;5325.0;5325.0;5054.21044921875;134501600
13/12/2023;5300.0;5350.0;5275.0;5300.0;5030.48193359375;98881600
14/12/2023;5450.0;5550.0;5425.0;5550.0;5267.7685546875;239261700
15/12/2023;5575.0;5600.0;5550.0;5550.0;5267.7685546875;252448800
18/12/2023;5575.0;5575.0;5500.0;5500.0;5220.3115234375;102780900
19/12/2023;5450.0;5550.0;5450.0;5550.0;5267.7685546875;135207300
20/12/2023;5700.0;5700.0;5550.0;5550.0;5267.7685546875;138470900
21/12/2023;5550.0;5600.0;5525.0;5575.0;5291.49755859375;99049600
22/12/2023;5650.0;5700.0;5600.0;5675.0;5386.412109375;109411300
27/12/2023;5700.0;5725.0;5625.0;5625.0;5338.955078125;122236700
28/12/2023;5700.0;5750.0;5675.0;5725.0;5433.86962890625;121434600
29/12/2023;5750.0;5750.0;5675.0;5725.0;5433.86962890625;93126000
02/01/2024;5650.0;5675.0;5625.0;5675.0;5466.62109375;91143100
03/01/2024;5625.0;5650.0;5600.0;5600.0;5394.375;83659700
04/01/2024;5600.0;5700.0;5575.0;5700.0;5490.703125;92683500
05/01/2024;5725.0;5850.0;5700.0;5750.0;5538.8671875;134929600
08/01/2024;5750.0;5800.0;5625.0;5625.0;5418.45703125;152015000
09/01/2024;5625.0;5700.0;5625.0;5700.0;5490.703125;105666200
10/01/2024;5625.0;5700.0;5625.0;5700.0;5490.703125;82626400
11/01/2024;5750.0;5800.0;5700.0;5750.0;5538.8671875;116804400
12/01/2024;5800.0;5850.0;5775.0;5850.0;5635.1953125;109715700
15/01/2024;5850.0;5900.0;5775.0;5825.0;5611.11328125;115126700
16/01/2024;5825.0;5875.0;5775.0;5825.0;5611.11328125;97074300
17/01/2024;5825.0;5825.0;5750.0;5775.0;5562.94921875;107941600
18/01/2024;5800.0;5800.0;5700.0;5750.0;5538.8671875;87259100
19/01/2024;5750.0;5800.0;5700.0;5800.0;5587.03125;75370700
22/01/2024;5775.0;5800.0;5700.0;5775.0;5562.94921875;97545600
23/01/2024;5700.0;5750.0;5650.0;5700.0;5490.703125;122999700
24/01/2024;5675.0;5700.0;5575.0;5650.0;5442.5390625;104225000
25/01/2024;5575.0;5650.0;5525.0;5525.0;5322.12890625;120478800
26/01/2024;5450.0;5475.0;5400.0;5425.0;5225.80078125;185244400
29/01/2024;5400.0;5575.0;5400.0;5575.0;5370.29296875;145629600
30/01/2024;5525.0;5650.0;5475.0;5625.0;5418.45703125;150513700
31/01/2024;5725.0;5775.0;5675.0;5700.0;5490.703125;245117200
01/02/2024;5775.0;5800.0;5725.0;5750.0;5538.8671875;156633900
02/02/2024;5800.0;5850.0;5750.0;5850.0;5635.1953125;177209700
05/02/2024;5800.0;5825.0;5750.0;5775.0;5562.94921875;113760000
06/02/2024;5900.0;5900.0;5800.0;5825.0;5611.11328125;126704300
07/02/2024;5850.0;5900.0;5825.0;5850.0;5635.1953125;147005300
12/02/2024;5875.0;6025.0;5850.0;6025.0;5803.76953125;171514600
13/02/2024;6050.0;6050.0;5950.0;6000.0;5779.6875;145852200
15/02/2024;6275.0;6275.0;6100.0;6125.0;5900.09765625;308685100
16/02/2024;6150.0;6200.0;6125.0;6150.0;5924.1796875;130814400
19/02/2024;6125.0;6175.0;6075.0;6100.0;5876.015625;111382900
20/02/2024;6175.0;6300.0;6175.0;6300.0;6068.671875;160872600
21/02/2024;6325.0;6375.0;6225.0;6300.0;6068.671875;168423000
22/02/2024;6250.0;6300.0;6225.0;6250.0;6020.5078125;100256000
23/02/2024;6125.0;6175.0;6050.0;6125.0;5900.09765625;148643000
26/02/2024;6100.0;6200.0;6075.0;6175.0;5948.26171875;98920800
27/02/2024;6125.0;6200.0;6125.0;6125.0;5900.09765625;99187500
28/02/2024;6100.0;6225.0;6100.0;6225.0;5996.42578125;97236700
29/02/2024;6150.0;6200.0;6125.0;6125.0;5900.09765625;173774600
01/03/2024;6175.0;6175.0;6075.0;6125.0;5900.09765625;76286400
04/03/2024;6125.0;6125.0;6050.0;6050.0;5827.8515625;70354900
05/03/2024;6100.0;6175.0;6075.0;6125.0;5900.09765625;115084600
06/03/2024;6100.0;6200.0;6100.0;6200.0;5972.34375;84108800
07/03/2024;6200.0;6275.0;6200.0;6225.0;5996.42578125;117724700
08/03/2024;6275.0;6400.0;6250.0;6350.0;6116.8359375;163060000
13/03/2024;6350.0;6450.0;6350.0;6400.0;6165.0;195173100
14/03/2024;6175.0;6200.0;6050.0;6150.0;6150.0;271254000
15/03/2024;6000.0;6075.0;5950.0;5975.0;5975.0;305995800
18/03/2024;6000.0;6100.0;5975.0;6000.0;6000.0;110564700
19/03/2024;6000.0;6050.0;5975.0;6000.0;6000.0;114338600
20/03/2024;6000.0;6100.0;6000.0;6100.0;6100.0;120885400
21/03/2024;6175.0;6200.0;6100.0;6100.0;6100.0;136020000
22/03/2024;6050.0;6125.0;6050.0;6125.0;6125.0;46529200
25/03/2024;6250.0;6250.0;6125.0;6250.0;6250.0;115729600
26/03/2024;6300.0;6300.0;6200.0;6300.0;6300.0;120748400
27/03/2024;6300.0;6325.0;6225.0;6250.0;6250.0;73308900
28/03/2024;6100.0;6200.0;6025.0;6050.0;6050.0;288926900
01/04/2024;6000.0;6025.0;5825.0;5925.0;5925.0;217207800
02/04/2024;5850.0;5950.0;5625.0;5675.0;5675.0;412180900
03/04/2024;5575.0;5675.0;5525.0;5625.0;5625.0;333518700
04/04/2024;5650.0;5750.0;5650.0;5700.0;5700.0;131936100
05/04/2024;5625.0;5700.0;5625.0;5650.0;5650.0;178817800
16/04/2024;5375.0;5575.0;5350.0;5350.0;5350.0;600717500
17/04/2024;5475.0;5500.0;5300.0;5300.0;5300.0;244002000
18/04/2024;5300.0;5500.0;5300.0;5475.0;5475.0;247410700
19/04/2024;5350.0;5375.0;5250.0;5275.0;5275.0;258211500
22/04/2024;5200.0;5325.0;5150.0;5300.0;5300.0;342282800
23/04/2024;5350.0;5400.0;5225.0;5300.0;5300.0;281403100
24/04/2024;5250.0;5350.0;5150.0;5225.0;5225.0;471241400
25/04/2024;5125.0;5200.0;5050.0;5150.0;5150.0;479170900
26/04/2024;5050.0;5100.0;4830.0;4830.0;4830.0;782589900
29/04/2024;4700.0;4890.0;4680.0;4770.0;4770.0;700644800
30/04/2024;4850.0;5050.0;4820.0;4940.0;4940.0;565609200
02/05/2024;4910.0;4920.0;4700.0;4760.0;4760.0;636922100
03/05/2024;4760.0;4830.0;4710.0;4750.0;4750.0;321697200
06/05/2024;4800.0;4840.0;4730.0;4790.0;4790.0;262707400
07/05/2024;4770.0;4780.0;4670.0;4670.0;4670.0;304013600
08/05/2024;4650.0;4740.0;4570.0;4680.0;4680.0;572275800
13/05/2024;4650.0;4700.0;4630.0;4680.0;4680.0;320067100
14/05/2024;4720.0;4810.0;4700.0;4730.0;4730.0;341458900
15/05/2024;4780.0;4870.0;4760.0;4820.0;4820.0;298990300
16/05/2024;4930.0;4960.0;4840.0;4840.0;4840.0;371295000
17/05/2024;4840.0;4960.0;4820.0;4920.0;4920.0;208991800
20/05/2024;4990.0;5050.0;4820.0;4820.0;4820.0;335150700
21/05/2024;4810.0;4870.0;4680.0;4680.0;4680.0;271568800
22/05/2024;4650.0;4770.0;4650.0;4720.0;4720.0;215066000
27/05/2024;4700.0;4720.0;4550.0;4550.0;4550.0;363719300
28/05/2024;4580.0;4630.0;4520.0;4530.0;4530.0;258070200
29/05/2024;4480.0;4500.0;4400.0;4410.0;4410.0;465008500
30/05/2024;4400.0;4480.0;4310.0;4380.0;4380.0;502927800
31/05/2024;4430.0;4470.0;4330.0;4340.0;4340.0;655144100
03/06/2024;4430.0;4560.0;4400.0;4530.0;4530.0;345770100
04/06/2024;4560.0;4590.0;4450.0;4450.0;4450.0;332902200
05/06/2024;4500.0;4500.0;4400.0;4400.0;4400.0;240788500
06/06/2024;4450.0;4500.0;4390.0;4500.0;4500.0;281534200
07/06/2024;4490.0;4500.0;4350.0;4350.0;4350.0;375439600
10/06/2024;4350.0;4430.0;4320.0;4400.0;4400.0;181387000
11/06/2024;4380.0;4440.0;4340.0;4340.0;4340.0;197854400
12/06/2024;4340.0;4360.0;4310.0;4350.0;4350.0;187332500
13/06/2024;4400.0;4420.0;4300.0;4310.0;4310.0;238349600
14/06/2024;4300.0;4320.0;4170.0;4180.0;4180.0;358893200
19/06/2024;4100.0;4240.0;4090.0;4100.0;4100.0;410338400
20/06/2024;4130.0;4270.0;4130.0;4270.0;4270.0;387133400
21/06/2024;4280.0;4490.0;4260.0;4440.0;4440.0;532713300
24/06/2024;4440.0;4510.0;4400.0;4400.0;4400.0;303830800
25/06/2024;4320.0;4400.0;4280.0;4380.0;4380.0;383572500
26/06/2024;4390.0;4430.0;4350.0;4370.0;4370.0;150303400
27/06/2024;4410.0;4500.0;4380.0;4460.0;4460.0;299430600
28/06/2024;4590.0;4640.0;4580.0;4600.0;4600.0;581319300
01/07/2024;4630.0;4670.0;4560.0;4630.0;4630.0;261421200
02/07/2024;4610.0;4630.0;4570.0;4570.0;4570.0;234403100
03/07/2024;4630.0;4640.0;4560.0;4600.0;4600.0;176310400
04/07/2024;4680.0;4830.0;4660.0;4790.0;4790.0;422261500
05/07/2024;4850.0;4870.0;4790.0;4800.0;4800.0;218278000
08/07/2024;4800.0;4830.0;4740.0;4750.0;4750.0;222042100
09/07/2024;4780.0;4930.0;4750.0;4870.0;4870.0;291320400
10/07/2024;4870.0;4920.0;4840.0;4850.0;4850.0;167619700
11/07/2024;4910.0;4920.0;4840.0;4840.0;4840.0;170461300
12/07/2024;4970.0;4980.0;4880.0;4900.0;4900.0;301125400
15/07/2024;4920.0;4930.0;4810.0;4820.0;4820.0;188713000
16/07/2024;4820.0;4840.0;4730.0;4730.0;4730.0;189271400
17/07/2024;4750.0;4810.0;4720.0;4760.0;4760.0;263325400
18/07/2024;4760.0;4890.0;4750.0;4890.0;4890.0;296614900
19/07/2024;4870.0;4910.0;4850.0;4900.0;4900.0;135104800
22/07/2024;4920.0;4940.0;4880.0;4910.0;4910.0;140128300
23/07/2024;4900.0;4910.0;4780.0;4790.0;4790.0;170919500
24/07/2024;4770.0;4800.0;4760.0;4780.0;4780.0;116037600
25/07/2024;4760.0;4760.0;4660.0;4700.0;4700.0;274397700
26/07/2024;4760.0;4810.0;4740.0;4760.0;4760.0;192267300
29/07/2024;4800.0;4800.0;4760.0;4780.0;4780.0;126109900
30/07/2024;4720.0;4740.0;4670.0;4670.0;4670.0;201835700
31/07/2024;4650.0;4710.0;4650.0;4670.0;4670.0;168490300
01/08/2024;4710.0;4750.0;4690.0;4750.0;4750.0;169636700
02/08/2024;4730.0;4750.0;4690.0;4710.0;4710.0;113328400
05/08/2024;4660.0;4670.0;4510.0;4530.0;4530.0;329430900
06/08/2024;4550.0;4650.0;4520.0;4600.0;4600.0;238051800
07/08/2024;4640.0;4640.0;4590.0;4620.0;4620.0;125937500
08/08/2024;4600.0;4690.0;4590.0;4660.0;4660.0;131343400
09/08/2024;4700.0;4730.0;4670.0;4670.0;4670.0;98730900
12/08/2024;4720.0;4720.0;4650.0;4680.0;4680.0;83552800
13/08/2024;4700.0;4750.0;4690.0;4720.0;4720.0;109533400
14/08/2024;4770.0;4840.0;4760.0;4820.0;4820.0;262716500
15/08/2024;4850.0;4870.0;4790.0;4830.0;4830.0;214394900
16/08/2024;4850.0;4870.0;4830.0;4830.0;4830.0;149701700
19/08/2024;4820.0;4820.0;4750.0;4820.0;4820.0;196203200
20/08/2024;4860.0;4950.0;4840.0;4950.0;4950.0;310085500
21/08/2024;4990.0;5100.0;4980.0;5100.0;5100.0;390307000
22/08/2024;5125.0;5150.0;5025.0;5050.0;5050.0;474043100
23/08/2024;5150.0;5200.0;5125.0;5150.0;5150.0;217759300
26/08/2024;5200.0;5325.0;5200.0;5300.0;5300.0;361169800
27/08/2024;5250.0;5275.0;5100.0;5175.0;5175.0;271088700
28/08/2024;5100.0;5175.0;5025.0;5150.0;5150.0;277561700
29/08/2024;5125.0;5175.0;5100.0;5125.0;5125.0;160041900
30/08/2024;5175.0;5175.0;5125.0;5150.0;5150.0;275298000
02/09/2024;5150.0;5225.0;5150.0;5175.0;5175.0;136717200
03/09/2024;5225.0;5250.0;5150.0;5175.0;5175.0;166033900
04/09/2024;5100.0;5175.0;5100.0;5100.0;5100.0;141890400
05/09/2024;5125.0;5150.0;5075.0;5150.0;5150.0;166436800
06/09/2024;5200.0;5250.0;5150.0;5225.0;5225.0;170520700
09/09/2024;5275.0;5300.0;5150.0;5175.0;5175.0;201448700
10/09/2024;5200.0;5250.0;5125.0;5250.0;5250.0;202326400
11/09/2024;5225.0;5250.0;5125.0;5175.0;5175.0;165284900
12/09/2024;5175.0;5225.0;5150.0;5175.0;5175.0;138542100
13/09/2024;5200.0;5300.0;5175.0;5300.0;5300.0;259722600
17/09/2024;5350.0;5350.0;5250.0;5300.0;5300.0;201331600
18/09/2024;5350.0;5375.0;5325.0;5350.0;5350.0;186877300
19/09/2024;5425.0;5500.0;5400.0;5400.0;5400.0;332941100
20/09/2024;5400.0;5450.0;5375.0;5375.0;5375.0;260437400
23/09/2024;5350.0;5500.0;5350.0;5500.0;5500.0;245292000
24/09/2024;5550.0;5575.0;5525.0;5525.0;5525.0;195415700
25/09/2024;5400.0;5425.0;5200.0;5325.0;5325.0;607065900
26/09/2024;5150.0;5200.0;5025.0;5050.0;5050.0;855266800
27/09/2024;5050.0;5150.0;5000.0;5100.0;5100.0;304694300
30/09/2024;5050.0;5050.0;4950.0;4950.0;4950.0;539169900
01/10/2024;4970.0;5075.0;4970.0;5075.0;5075.0;197069300
02/10/2024;5000.0;5075.0;4900.0;4940.0;4940.0;307487600
03/10/2024;4900.0;4960.0;4860.0;4920.0;4920.0;354814800
04/10/2024;4870.0;4920.0;4850.0;4860.0;4860.0;289960700
07/10/2024;4860.0;4930.0;4810.0;4820.0;4820.0;308452200
08/10/2024;4800.0;5050.0;4760.0;5000.0;5000.0;527474400
09/10/2024;5000.0;5075.0;4930.0;4930.0;4930.0;309336600
10/10/2024;4920.0;4970.0;4860.0;4860.0;4860.0;226564700
11/10/2024;4910.0;4940.0;4890.0;4900.0;4900.0;104875300
14/10/2024;4900.0;4930.0;4870.0;4900.0;4900.0;125414400
15/10/2024;4930.0;4990.0;4920.0;4920.0;4920.0;142372200
16/10/2024;4950.0;4970.0;4920.0;4950.0;4950.0;118014300
17/10/2024;4960.0;5050.0;4940.0;4980.0;4980.0;188127700
18/10/2024;5025.0;5050.0;4960.0;4970.0;4970.0;157113000
21/10/2024;4980.0;5025.0;4970.0;4990.0;4990.0;110708200
22/10/2024;4960.0;4970.0;4900.0;4900.0;4900.0;199707500
23/10/2024;4830.0;4890.0;4810.0;4860.0;4860.0;222147300
24/10/2024;4820.0;4900.0;4810.0;4820.0;4820.0;218162100
25/10/2024;4820.0;4860.0;4770.0;4770.0;4770.0;195647800
28/10/2024;4770.0;4800.0;4710.0;4760.0;4760.0;191211000
29/10/2024;4730.0;4780.0;4700.0;4700.0;4700.0;203658600
30/10/2024;4630.0;4750.0;4630.0;4710.0;4710.0;296314500
31/10/2024;4710.0;4870.0;4710.0;4800.0;4800.0;307110400
01/11/2024;4770.0;4820.0;4700.0;4700.0;4700.0;235656400
04/11/2024;4710.0;4770.0;4650.0;4720.0;4720.0;209831500
05/11/2024;4690.0;4740.0;4680.0;4710.0;4710.0;199499300
06/11/2024;4710.0;4730.0;4600.0;4600.0;4600.0;249059500
07/11/2024;4610.0;4640.0;4550.0;4550.0;4550.0;296218600
08/11/2024;4600.0;4640.0;4520.0;4520.0;4520.0;198589900
11/11/2024;4470.0;4540.0;4370.0;4460.0;4460.0;507192300
12/11/2024;4430.0;4520.0;4430.0;4500.0;4500.0;252380100
13/11/2024;4470.0;4610.0;4460.0;4580.0;4580.0;209627200
14/11/2024;4570.0;4590.0;4500.0;4500.0;4500.0;159871800
15/11/2024;4450.0;4510.0;4450.0;4470.0;4470.0;106365600
18/11/2024;4440.0;4460.0;4350.0;4350.0;4350.0;253272300
19/11/2024;4350.0;4410.0;4350.0;4360.0;4360.0;294838700
20/11/2024;4400.0;4440.0;4330.0;4330.0;4330.0;298734600
21/11/2024;4280.0;4320.0;4250.0;4250.0;4250.0;376788400
22/11/2024;4250.0;4420.0;4250.0;4400.0;4400.0;280188100
25/11/2024;4420.0;4530.0;4420.0;4470.0;4470.0;401446400
26/11/2024;4450.0;4470.0;4380.0;4400.0;4400.0;266677500
