Date;Open;High;Low;Close;Adj Close;Volume
02/01/2020;6695.0;6780.0;6680.0;6690.0;6000.0322265625;49445000
03/01/2020;6750.0;6800.0;6725.0;6800.0;6098.68701171875;47755500
06/01/2020;6720.0;6750.0;6690.0;6735.0;6040.3916015625;27300000
07/01/2020;6735.0;6770.0;6730.0;6740.0;6044.87646484375;45022500
08/01/2020;6670.0;6745.0;6670.0;6680.0;5991.06396484375;53692500
09/01/2020;6740.0;6755.0;6730.0;6740.0;6044.87646484375;40363500
10/01/2020;6765.0;6825.0;6710.0;6725.0;6031.4228515625;73362000
13/01/2020;6740.0;6760.0;6735.0;6745.0;6049.36083984375;67855000
14/01/2020;6745.0;6885.0;6740.0;6870.0;6161.46826171875;93582000
15/01/2020;6870.0;7060.0;6800.0;6835.0;6130.078125;75623500
16/01/2020;6805.0;6890.0;6795.0;6850.0;6143.53125;88931500
17/01/2020;6840.0;6890.0;6800.0;6875.0;6165.95263671875;38249500
20/01/2020;6950.0;6975.0;6830.0;6835.0;6130.078125;93554500
21/01/2020;6885.0;6895.0;6825.0;6830.0;6125.59375;103984500
22/01/2020;6855.0;6895.0;6835.0;6840.0;6134.56201171875;94311500
23/01/2020;6885.0;6895.0;6830.0;6840.0;6134.56201171875;87728000
24/01/2020;6820.0;6880.0;6810.0;6810.0;6107.65673828125;69653500
27/01/2020;6865.0;6940.0;6815.0;6840.0;6134.56201171875;39679000
28/01/2020;6835.0;6845.0;6755.0;6790.0;6089.71826171875;82615000
29/01/2020;6800.0;6845.0;6770.0;6785.0;6085.23486328125;43821000
30/01/2020;6845.0;6845.0;6730.0;6740.0;6044.87646484375;71990000
31/01/2020;6800.0;6805.0;6480.0;6480.0;5811.6904296875;163136500
03/02/2020;6480.0;6585.0;6370.0;6440.0;5775.81591796875;149797000
04/02/2020;6570.0;6620.0;6520.0;6600.0;5919.314453125;113316500
05/02/2020;6780.0;6780.0;6650.0;6730.0;6035.9072265625;123002500
06/02/2020;6740.0;6780.0;6680.0;6740.0;6044.87646484375;154693500
07/02/2020;6710.0;6780.0;6705.0;6760.0;6062.8125;82609000
10/02/2020;6760.0;6785.0;6630.0;6785.0;6085.23486328125;66578500
11/02/2020;6785.0;6785.0;6745.0;6780.0;6080.75;77526500
12/02/2020;6800.0;6800.0;6760.0;6800.0;6098.68701171875;69971500
13/02/2020;6820.0;6820.0;6740.0;6790.0;6089.71826171875;49737000
14/02/2020;6780.0;6795.0;6675.0;6680.0;5991.06396484375;147028500
17/02/2020;6680.0;6750.0;6680.0;6720.0;6026.93798828125;115319000
18/02/2020;6685.0;6720.0;6670.0;6695.0;6004.5166015625;98436500
19/02/2020;6665.0;6760.0;6665.0;6695.0;6004.5166015625;74594000
20/02/2020;6690.0;6695.0;6565.0;6595.0;5914.830078125;136724500
21/02/2020;6600.0;6660.0;6595.0;6615.0;5932.767578125;98261000
24/02/2020;6565.0;6600.0;6510.0;6525.0;5852.0498046875;84910000
25/02/2020;6550.0;6560.0;6510.0;6530.0;5856.5341796875;86446500
26/02/2020;6500.0;6535.0;6420.0;6420.0;5757.87841796875;92824500
27/02/2020;6470.0;6475.0;6200.0;6290.0;5641.28662109375;129254500
28/02/2020;6200.0;6290.0;6035.0;6290.0;5641.28662109375;169946500
02/03/2020;6290.0;6290.0;6035.0;6080.0;5452.9443359375;144871500
03/03/2020;6200.0;6350.0;6200.0;6320.0;5668.1923828125;114663500
04/03/2020;6315.0;6500.0;6260.0;6440.0;5775.81591796875;83025000
05/03/2020;6540.0;6540.0;6340.0;6435.0;5771.33154296875;77583000
06/03/2020;6350.0;6350.0;6200.0;6200.0;5560.56884765625;77835500
09/03/2020;6000.0;6040.0;5785.0;5785.0;5188.3681640625;140889500
10/03/2020;5840.0;6010.0;5840.0;5925.0;5313.93115234375;133667000
11/03/2020;5950.0;5980.0;5790.0;5850.0;5246.6650390625;93204500
12/03/2020;5600.0;5640.0;5460.0;5560.0;4986.57421875;129845500
13/03/2020;5560.0;5560.0;5560.0;5560.0;4986.57421875;0
16/03/2020;5560.0;5560.0;5560.0;5560.0;4986.57421875;0
17/03/2020;5495.0;5505.0;5120.0;5120.0;4591.9521484375;212200000
18/03/2020;5120.0;5380.0;4765.0;5000.0;4484.32958984375;180053500
19/03/2020;4995.0;4995.0;4650.0;4650.0;4170.42626953125;264419000
20/03/2020;4600.0;5385.0;4325.0;4735.0;4246.6591796875;335132000
23/03/2020;4760.0;5000.0;4405.0;4430.0;3973.115234375;217843500
24/03/2020;4450.0;4995.0;4450.0;4500.0;4035.89599609375;253971000
26/03/2020;4650.0;5395.0;4650.0;5280.0;4735.45166015625;331633000
27/03/2020;5360.0;5895.0;5355.0;5510.0;4941.72998046875;269683000
30/03/2020;5480.0;5555.0;5155.0;5495.0;4928.27734375;159964500
31/03/2020;5660.0;5710.0;5485.0;5525.0;4955.18359375;182638500
01/04/2020;5560.0;5750.0;5425.0;5480.0;4914.8251953125;152831500
02/04/2020;5470.0;5470.0;5360.0;5410.0;4852.04443359375;136623500
03/04/2020;5460.0;5530.0;5365.0;5495.0;4928.27734375;110506000
06/04/2020;5520.0;5740.0;5495.0;5735.0;5143.5263671875;78184000
07/04/2020;5735.0;6100.0;5580.0;5655.0;5071.7763671875;149153500
08/04/2020;5655.0;5660.0;5480.0;5635.0;5053.83837890625;106111500
09/04/2020;5600.0;5695.0;5500.0;5595.0;5017.9638671875;89997000
13/04/2020;5540.0;5615.0;5480.0;5500.0;4932.76171875;58043000
14/04/2020;5505.0;5590.0;5445.0;5515.0;4946.21484375;95796000
15/04/2020;5515.0;5630.0;5445.0;5485.0;4919.3095703125;95342000
16/04/2020;5485.0;5520.0;5185.0;5240.0;4699.57666015625;176990500
17/04/2020;5300.0;5445.0;5280.0;5425.0;4865.4970703125;160935500
20/04/2020;5430.0;5500.0;5330.0;5355.0;4802.716796875;90744000
21/04/2020;5355.0;5355.0;5160.0;5160.0;4707.82958984375;73431000
22/04/2020;5160.0;5235.0;5045.0;5145.0;4694.14404296875;107263500
23/04/2020;5180.0;5245.0;5120.0;5120.0;4671.3349609375;105419500
24/04/2020;5120.0;5140.0;4920.0;4920.0;4488.86181640625;131149500
27/04/2020;4940.0;5020.0;4855.0;4960.0;4525.35595703125;151103500
28/04/2020;4960.0;4975.0;4805.0;4830.0;4406.74755859375;180488000
29/04/2020;4825.0;4850.0;4800.0;4850.0;4424.9951171875;121161000
30/04/2020;4880.0;5250.0;4880.0;5170.0;4716.95361328125;174081000
04/05/2020;5150.0;5300.0;5000.0;5220.0;4762.5712890625;114497500
05/05/2020;5220.0;5340.0;5200.0;5285.0;4821.87646484375;118643500
06/05/2020;5315.0;5370.0;5300.0;5355.0;4885.74169921875;86395500
08/05/2020;5345.0;5400.0;5150.0;5245.0;4785.3818359375;123028000
11/05/2020;5245.0;5325.0;5245.0;5295.0;4831.00048828125;40615500
12/05/2020;5340.0;5340.0;5030.0;5220.0;4762.5712890625;118660000
13/05/2020;5160.0;5170.0;5085.0;5110.0;4662.2119140625;94973000
14/05/2020;5070.0;5110.0;4905.0;4920.0;4488.86181640625;131268000
15/05/2020;4920.0;4995.0;4680.0;4785.0;4365.69091796875;205790000
18/05/2020;4800.0;4845.0;4750.0;4765.0;4347.4443359375;139997500
19/05/2020;4840.0;4960.0;4680.0;4680.0;4269.89306640625;128504500
20/05/2020;4720.0;4800.0;4690.0;4765.0;4347.4443359375;119158000
26/05/2020;4775.0;5000.0;4775.0;4970.0;4534.4794921875;176076500
27/05/2020;4970.0;5000.0;4855.0;4965.0;4529.91796875;151753500
28/05/2020;5000.0;5320.0;5000.0;5295.0;4831.00048828125;229233000
29/05/2020;5295.0;5295.0;5190.0;5190.0;4735.201171875;399414000
02/06/2020;5260.0;5500.0;5240.0;5360.0;4890.3037109375;181369500
03/06/2020;5410.0;5780.0;5400.0;5780.0;5273.49951171875;279673500
04/06/2020;5780.0;5990.0;5600.0;5790.0;5282.623046875;236158500
05/06/2020;5790.0;5855.0;5585.0;5725.0;5223.31982421875;88157500
08/06/2020;5755.0;5925.0;5755.0;5900.0;5382.984375;173557500
09/06/2020;5940.0;5995.0;5795.0;5805.0;5296.30859375;100110000
10/06/2020;5800.0;5865.0;5595.0;5800.0;5291.74755859375;115382500
11/06/2020;5750.0;5810.0;5605.0;5680.0;5182.2626953125;85187500
12/06/2020;5680.0;5680.0;5480.0;5670.0;5173.138671875;96044000
15/06/2020;5680.0;5710.0;5500.0;5500.0;5018.03564453125;100844500
16/06/2020;5580.0;5795.0;5580.0;5760.0;5255.251953125;91518500
17/06/2020;5800.0;5800.0;5680.0;5720.0;5218.7578125;79800000
18/06/2020;5720.0;5740.0;5585.0;5585.0;5095.5869140625;68032000
19/06/2020;5600.0;5650.0;5545.0;5575.0;5086.4638671875;110071000
22/06/2020;5595.0;5660.0;5530.0;5540.0;5054.52978515625;51590500
23/06/2020;5570.0;5660.0;5520.0;5620.0;5127.52001953125;69954000
24/06/2020;5650.0;5760.0;5640.0;5705.0;5205.07177734375;57333000
25/06/2020;5700.0;5745.0;5640.0;5725.0;5223.31982421875;51415000
26/06/2020;5720.0;5760.0;5640.0;5645.0;5150.330078125;57467500
29/06/2020;5640.0;5695.0;5585.0;5675.0;5177.701171875;48796500
30/06/2020;5700.0;5740.0;5660.0;5695.0;5195.94873046875;74474000
01/07/2020;5700.0;5800.0;5675.0;5800.0;5291.74755859375;63959000
02/07/2020;5775.0;5870.0;5760.0;5870.0;5355.61328125;75585500
03/07/2020;5870.0;5905.0;5840.0;5870.0;5355.61328125;52219000
06/07/2020;5860.0;5935.0;5850.0;5935.0;5414.91748046875;67800000
07/07/2020;5940.0;5995.0;5900.0;5990.0;5465.0966796875;74168000
08/07/2020;5990.0;6265.0;5980.0;6200.0;5656.6953125;106444500
09/07/2020;6210.0;6240.0;6030.0;6100.0;5565.45849609375;93543500
10/07/2020;6100.0;6240.0;6080.0;6200.0;5656.6953125;67224000
13/07/2020;6230.0;6240.0;6140.0;6175.0;5633.8857421875;86006000
14/07/2020;6175.0;6200.0;6110.0;6200.0;5656.6953125;45616500
15/07/2020;6200.0;6240.0;6150.0;6150.0;5611.07568359375;61468000
16/07/2020;6150.0;6200.0;6140.0;6180.0;5638.447265625;66520500
17/07/2020;6135.0;6180.0;6040.0;6120.0;5583.70556640625;73348000
20/07/2020;6120.0;6160.0;6060.0;6140.0;5601.9541015625;59794500
21/07/2020;6100.0;6235.0;6100.0;6200.0;5656.6953125;84159500
22/07/2020;6210.0;6250.0;6130.0;6180.0;5638.447265625;44725500
23/07/2020;6180.0;6215.0;6140.0;6200.0;5656.6953125;84026500
24/07/2020;6200.0;6200.0;6100.0;6100.0;5565.45849609375;58366500
27/07/2020;6100.0;6140.0;6000.0;6100.0;5565.45849609375;41972500
28/07/2020;6120.0;6200.0;6060.0;6185.0;5643.009765625;65279000
29/07/2020;6185.0;6185.0;6100.0;6135.0;5597.3916015625;50262500
30/07/2020;6135.0;6240.0;6055.0;6240.0;5693.189453125;80533500
03/08/2020;6220.0;6235.0;5825.0;6130.0;5592.82958984375;137079000
04/08/2020;6155.0;6220.0;6130.0;6210.0;5665.81884765625;79357000
05/08/2020;6200.0;6220.0;6100.0;6205.0;5661.25732421875;49393000
06/08/2020;6215.0;6295.0;6185.0;6260.0;5711.43798828125;55258500
07/08/2020;6265.0;6285.0;6160.0;6180.0;5638.447265625;43621000
10/08/2020;6180.0;6200.0;6105.0;6120.0;5583.70556640625;37774500
11/08/2020;6140.0;6200.0;6130.0;6175.0;5633.8857421875;38795500
12/08/2020;6175.0;6260.0;6160.0;6260.0;5711.43798828125;35612000
13/08/2020;6260.0;6300.0;6180.0;6300.0;5747.931640625;48581000
14/08/2020;6300.0;6405.0;6240.0;6405.0;5843.73095703125;57316000
18/08/2020;6405.0;6425.0;6300.0;6360.0;5802.67333984375;81563500
19/08/2020;6360.0;6410.0;6310.0;6330.0;5775.3037109375;58793500
24/08/2020;6340.0;6380.0;6280.0;6315.0;5761.6171875;66882500
25/08/2020;6320.0;6380.0;6305.0;6365.0;5807.23583984375;49211000
26/08/2020;6385.0;6390.0;6305.0;6340.0;5784.42724609375;42983000
27/08/2020;6365.0;6600.0;6340.0;6600.0;6021.64306640625;68326000
28/08/2020;6560.0;6600.0;6425.0;6495.0;5925.84423828125;52292500
31/08/2020;6500.0;6540.0;6275.0;6275.0;5725.123046875;97032000
01/09/2020;6280.0;6520.0;6240.0;6520.0;5948.65380859375;67446000
02/09/2020;6520.0;6560.0;6365.0;6435.0;5871.10205078125;66065000
03/09/2020;6465.0;6500.0;6300.0;6500.0;5930.40673828125;68208500
04/09/2020;6450.0;6450.0;6265.0;6380.0;5820.921875;80613500
07/09/2020;6335.0;6360.0;6200.0;6285.0;5734.24609375;64249500
08/09/2020;6285.0;6360.0;6285.0;6335.0;5779.865234375;39649000
09/09/2020;6300.0;6320.0;6210.0;6245.0;5697.751953125;49285000
10/09/2020;6220.0;6220.0;5810.0;5810.0;5300.87109375;175735000
11/09/2020;5800.0;5975.0;5620.0;5905.0;5387.54541015625;403032500
14/09/2020;6000.0;6115.0;5985.0;6050.0;5519.83984375;138115000
15/09/2020;6040.0;6100.0;5860.0;5860.0;5346.4892578125;170087000
16/09/2020;5860.0;5870.0;5745.0;5750.0;5246.1279296875;158565500
17/09/2020;5750.0;5855.0;5665.0;5755.0;5250.68994140625;138796000
18/09/2020;5700.0;5735.0;5570.0;5630.0;5136.64404296875;316912000
21/09/2020;5640.0;5735.0;5595.0;5605.0;5113.83447265625;112443000
22/09/2020;5520.0;5565.0;5430.0;5450.0;4972.41796875;163442500
23/09/2020;5450.0;5585.0;5425.0;5505.0;5022.59765625;100517000
24/09/2020;5430.0;5535.0;5390.0;5445.0;4967.85595703125;88618500
25/09/2020;5480.0;5625.0;5460.0;5610.0;5118.396484375;100705000
28/09/2020;5650.0;5695.0;5500.0;5515.0;5031.72119140625;93522000
29/09/2020;5575.0;5635.0;5460.0;5505.0;5022.59765625;117778500
30/09/2020;5565.0;5565.0;5420.0;5420.0;4945.0458984375;107377000
01/10/2020;5485.0;5570.0;5480.0;5570.0;5081.90185546875;56893000
02/10/2020;5560.0;5565.0;5440.0;5505.0;5022.59765625;66848000
05/10/2020;5515.0;5560.0;5460.0;5520.0;5036.283203125;58291000
06/10/2020;5630.0;5715.0;5600.0;5700.0;5200.509765625;141955500
07/10/2020;5600.0;5755.0;5580.0;5755.0;5250.68994140625;89937500
08/10/2020;5790.0;5800.0;5710.0;5780.0;5273.49951171875;77384500
09/10/2020;5750.0;5775.0;5720.0;5775.0;5268.9375;54250500
12/10/2020;5840.0;5875.0;5830.0;5855.0;5341.92724609375;82918500
13/10/2020;5840.0;5860.0;5770.0;5855.0;5341.92724609375;48250500
14/10/2020;5840.0;5900.0;5810.0;5900.0;5382.984375;83117500
15/10/2020;5875.0;5880.0;5760.0;5785.0;5278.06103515625;82067000
16/10/2020;5785.0;5790.0;5730.0;5760.0;5255.251953125;89051500
19/10/2020;5750.0;5900.0;5710.0;5900.0;5382.984375;56871500
20/10/2020;5880.0;5880.0;5785.0;5805.0;5296.30859375;74995500
21/10/2020;5860.0;5865.0;5730.0;5780.0;5273.49951171875;77944000
22/10/2020;5740.0;5800.0;5705.0;5800.0;5291.74755859375;96872500
23/10/2020;5840.0;5840.0;5750.0;5770.0;5264.37548828125;66328000
26/10/2020;5725.0;5835.0;5725.0;5815.0;5305.43310546875;70452500
27/10/2020;5815.0;5830.0;5755.0;5790.0;5282.623046875;89482000
02/11/2020;5760.0;5825.0;5720.0;5820.0;5309.99462890625;151006500
03/11/2020;5840.0;5895.0;5835.0;5890.0;5373.8603515625;78152000
04/11/2020;5900.0;5940.0;5785.0;5820.0;5309.99462890625;78626000
05/11/2020;5900.0;6180.0;5900.0;6150.0;5611.07568359375;161090000
06/11/2020;6160.0;6300.0;6060.0;6300.0;5747.931640625;137303500
09/11/2020;6300.0;6400.0;6215.0;6285.0;5734.24609375;82739500
10/11/2020;6395.0;6600.0;6380.0;6480.0;5912.15869140625;191073500
11/11/2020;6540.0;6565.0;6480.0;6540.0;5966.9013671875;131383500
12/11/2020;6410.0;6495.0;6405.0;6420.0;5857.416015625;83082500
13/11/2020;6420.0;6450.0;6320.0;6390.0;5830.044921875;82374500
16/11/2020;6485.0;6485.0;6385.0;6480.0;5912.15869140625;54905000
17/11/2020;6500.0;6565.0;6490.0;6550.0;5976.0244140625;119784000
18/11/2020;6550.0;6575.0;6540.0;6570.0;5994.271484375;99789000
19/11/2020;6520.0;6640.0;6515.0;6615.0;6035.32861328125;147346500
20/11/2020;6640.0;6650.0;6550.0;6600.0;6021.64306640625;68468500
23/11/2020;6600.0;6610.0;6550.0;6600.0;6021.64306640625;75265500
24/11/2020;6600.0;6600.0;6545.0;6565.0;5989.70947265625;72349500
25/11/2020;6580.0;6585.0;6380.0;6410.0;5848.29345703125;170140500
26/11/2020;6350.0;6490.0;6300.0;6480.0;5912.15869140625;64339000
27/11/2020;6480.0;6490.0;6380.0;6385.0;5825.4833984375;87361500
30/11/2020;6385.0;6400.0;6135.0;6205.0;5661.25732421875;393091500
01/12/2020;6220.0;6435.0;6220.0;6395.0;5834.60791015625;114563500
02/12/2020;6460.0;6485.0;6340.0;6450.0;5884.78759765625;93897500
03/12/2020;6500.0;6525.0;6425.0;6460.0;5893.91162109375;98210000
04/12/2020;6460.0;6465.0;6360.0;6390.0;5830.044921875;64995500
07/12/2020;6500.0;6580.0;6480.0;6520.0;5948.65380859375;96636000
08/12/2020;6520.0;6520.0;6425.0;6490.0;5921.2822265625;70561500
10/12/2020;6590.0;6600.0;6540.0;6575.0;6017.005859375;151420500
11/12/2020;6600.0;6780.0;6595.0;6735.0;6163.427734375;214160000
14/12/2020;6800.0;6830.0;6795.0;6820.0;6241.2138671875;179785500
15/12/2020;6830.0;6900.0;6605.0;6790.0;6213.7587890625;164024500
16/12/2020;6860.0;6950.0;6840.0;6950.0;6360.1806640625;138674000
17/12/2020;6965.0;7000.0;6820.0;6935.0;6346.45361328125;91920000
18/12/2020;6935.0;6935.0;6755.0;6800.0;6222.91064453125;147238500
21/12/2020;6890.0;6890.0;6800.0;6830.0;6250.36474609375;93692500
22/12/2020;6740.0;6820.0;6710.0;6715.0;6145.12353515625;61790500
23/12/2020;6905.0;6905.0;6620.0;6725.0;6154.275390625;76948000
28/12/2020;6790.0;6820.0;6660.0;6780.0;6204.60791015625;60234000
29/12/2020;6775.0;6810.0;6740.0;6765.0;6190.880859375;34212500
30/12/2020;6800.0;6800.0;6700.0;6770.0;6195.45654296875;52675500
04/01/2021;6800.0;6855.0;6720.0;6835.0;6254.9404296875;47937000
05/01/2021;6860.0;7090.0;6850.0;7090.0;6488.2998046875;104831000
06/01/2021;7050.0;7075.0;6880.0;6945.0;6355.6044921875;89753500
07/01/2021;7000.0;7050.0;6910.0;6965.0;6373.9072265625;71360000
08/01/2021;7035.0;7080.0;6975.0;7050.0;6451.69384765625;75033500
11/01/2021;7150.0;7360.0;7145.0;7345.0;6721.6591796875;169034500
12/01/2021;7345.0;7380.0;7160.0;7160.0;6552.35888671875;95235000
13/01/2021;7245.0;7275.0;7070.0;7120.0;6515.75390625;76581500
14/01/2021;7050.0;7090.0;6995.0;7020.0;6424.240234375;89319500
15/01/2021;7095.0;7100.0;6840.0;6955.0;6364.755859375;89853500
18/01/2021;6955.0;7125.0;6845.0;7120.0;6515.75390625;86343000
19/01/2021;7120.0;7120.0;7005.0;7095.0;6492.8759765625;73777000
20/01/2021;7165.0;7295.0;7070.0;7095.0;6492.8759765625;107216000
21/01/2021;7280.0;7300.0;7060.0;7075.0;6474.572265625;66428000
22/01/2021;7075.0;7160.0;7075.0;7080.0;6479.14794921875;80829000
25/01/2021;7200.0;7200.0;7000.0;7035.0;6437.96728515625;76836500
26/01/2021;6955.0;7000.0;6820.0;6820.0;6241.2138671875;98658000
27/01/2021;6820.0;6930.0;6705.0;6790.0;6213.7587890625;97920000
28/01/2021;6790.0;6925.0;6790.0;6900.0;6314.42431640625;104627000
29/01/2021;6900.0;7000.0;6760.0;6760.0;6186.3056640625;132762500
01/02/2021;6760.0;6920.0;6595.0;6820.0;6241.2138671875;113129000
02/02/2021;6965.0;6980.0;6800.0;6800.0;6222.91064453125;86741000
03/02/2021;7000.0;7000.0;6825.0;6825.0;6245.78955078125;67291000
04/02/2021;6920.0;7000.0;6835.0;6855.0;6273.2431640625;80950500
05/02/2021;6870.0;6950.0;6855.0;6915.0;6328.1513671875;51602000
08/02/2021;7050.0;7055.0;6880.0;6920.0;6332.7265625;45604000
09/02/2021;7000.0;7030.0;6955.0;6980.0;6387.63525390625;75574000
10/02/2021;7050.0;7050.0;6900.0;6920.0;6332.7265625;44984500
11/02/2021;6985.0;6985.0;6840.0;6880.0;6296.12109375;36926000
15/02/2021;6830.0;6890.0;6720.0;6800.0;6222.91064453125;83922000
16/02/2021;6880.0;6945.0;6830.0;6940.0;6351.0302734375;47221000
17/02/2021;6890.0;6960.0;6850.0;6900.0;6314.42431640625;66011500
18/02/2021;6850.0;6900.0;6735.0;6735.0;6163.427734375;91204000
19/02/2021;6780.0;6850.0;6760.0;6825.0;6245.78955078125;70487500
22/02/2021;6900.0;6940.0;6790.0;6790.0;6213.7587890625;68913000
23/02/2021;6820.0;6845.0;6775.0;6825.0;6245.78955078125;58360000
24/02/2021;6825.0;6835.0;6725.0;6725.0;6154.275390625;71869000
25/02/2021;6740.0;6770.0;6680.0;6705.0;6135.97314453125;78688000
26/02/2021;6705.0;6810.0;6645.0;6710.0;6140.54833984375;173631500
01/03/2021;6830.0;7045.0;6800.0;7045.0;6447.1181640625;205539000
02/03/2021;7120.0;7160.0;7000.0;7015.0;6419.66455078125;81446500
03/03/2021;7065.0;7085.0;7000.0;7000.0;6405.9375;84470000
04/03/2021;6905.0;7000.0;6720.0;6720.0;6149.69970703125;120802500
05/03/2021;6720.0;6925.0;6720.0;6800.0;6222.91064453125;111871500
08/03/2021;6950.0;6950.0;6720.0;6720.0;6149.69970703125;90883000
09/03/2021;6700.0;6715.0;6600.0;6605.0;6044.45947265625;135582000
10/03/2021;6720.0;6720.0;6620.0;6705.0;6135.97314453125;50302000
12/03/2021;6875.0;6880.0;6715.0;6765.0;6190.880859375;74328000
15/03/2021;6815.0;6820.0;6665.0;6665.0;6099.3681640625;57416000
16/03/2021;6710.0;6710.0;6620.0;6625.0;6062.76220703125;70755500
17/03/2021;6650.0;6665.0;6605.0;6610.0;6049.03466796875;71474500
18/03/2021;6620.0;6720.0;6610.0;6705.0;6135.97314453125;70067500
19/03/2021;6770.0;6770.0;6625.0;6760.0;6186.3056640625;125853000
22/03/2021;6640.0;6680.0;6610.0;6620.0;6058.1865234375;67523500
23/03/2021;6720.0;6720.0;6555.0;6565.0;6007.8544921875;127762500
24/03/2021;6515.0;6550.0;6420.0;6440.0;5893.46142578125;152050000
25/03/2021;6400.0;6440.0;6330.0;6370.0;5829.40283203125;119101500
26/03/2021;6370.0;6445.0;6300.0;6415.0;5870.58447265625;134467500
29/03/2021;6410.0;6515.0;6360.0;6360.0;5820.251953125;113370500
30/03/2021;6370.0;6455.0;6370.0;6395.0;5852.28173828125;83115500
31/03/2021;6390.0;6395.0;6145.0;6215.0;5687.55712890625;223390500
01/04/2021;6215.0;6270.0;6155.0;6225.0;5696.7080078125;112286000
05/04/2021;6250.0;6290.0;6155.0;6155.0;5632.6494140625;73311500
06/04/2021;6135.0;6170.0;6080.0;6165.0;5641.80029296875;80215000
07/04/2021;6155.0;6275.0;6135.0;6250.0;5719.58642578125;107908000
08/04/2021;6200.0;6215.0;6125.0;6135.0;5693.04736328125;123697500
09/04/2021;6315.0;6320.0;6145.0;6200.0;5753.36474609375;116961000
12/04/2021;6295.0;6295.0;6060.0;6065.0;5628.08935546875;110411500
13/04/2021;6050.0;6060.0;5980.0;6000.0;5567.7724609375;119211500
14/04/2021;6105.0;6305.0;6060.0;6305.0;5850.80126953125;135519500
15/04/2021;6305.0;6310.0;6180.0;6280.0;5827.60107421875;102686500
16/04/2021;6370.0;6370.0;6215.0;6275.0;5822.9619140625;79293500
19/04/2021;6275.0;6280.0;6230.0;6270.0;5818.32177734375;47095000
20/04/2021;6200.0;6250.0;6185.0;6235.0;5785.84375;72721000
21/04/2021;6200.0;6225.0;6165.0;6165.0;5720.8857421875;68397000
22/04/2021;6200.0;6275.0;6180.0;6215.0;5767.2841796875;63758000
23/04/2021;6280.0;6395.0;6225.0;6390.0;5929.67724609375;108498500
26/04/2021;6395.0;6400.0;6280.0;6285.0;5832.24169921875;108742000
27/04/2021;6370.0;6435.0;6355.0;6405.0;5943.59716796875;132650000
28/04/2021;6400.0;6405.0;6315.0;6320.0;5864.7197265625;87660000
29/04/2021;6460.0;6460.0;6360.0;6410.0;5948.236328125;57355000
30/04/2021;6450.0;6450.0;6380.0;6405.0;5943.59716796875;65829500
03/05/2021;6480.0;6480.0;6345.0;6390.0;5929.67724609375;42065500
04/05/2021;6350.0;6430.0;6340.0;6400.0;5938.95703125;50123500
05/05/2021;6420.0;6430.0;6400.0;6425.0;5962.1552734375;51685000
06/05/2021;6400.0;6450.0;6400.0;6425.0;5962.1552734375;38115500
07/05/2021;6460.0;6460.0;6385.0;6400.0;5938.95703125;48864000
10/05/2021;6400.0;6420.0;6395.0;6420.0;5957.5166015625;68180500
11/05/2021;6400.0;6480.0;6305.0;6480.0;6013.19384765625;70680000
17/05/2021;6500.0;6500.0;6375.0;6500.0;6031.75341796875;129058500
18/05/2021;6400.0;6455.0;6365.0;6390.0;5929.67724609375;73563000
19/05/2021;6380.0;6400.0;6335.0;6345.0;5887.91943359375;64912500
20/05/2021;6390.0;6435.0;6350.0;6380.0;5920.3984375;64950000
21/05/2021;6450.0;6450.0;6260.0;6360.0;5901.8388671875;92620000
24/05/2021;6355.0;6380.0;6290.0;6325.0;5869.35986328125;59210000
25/05/2021;6300.0;6440.0;6300.0;6355.0;5897.19873046875;87470000
27/05/2021;6440.0;6480.0;6270.0;6270.0;5818.32177734375;537971500
28/05/2021;6330.0;6370.0;6330.0;6340.0;5883.279296875;102108500
31/05/2021;6360.0;6390.0;6325.0;6375.0;5915.75830078125;101442000
02/06/2021;6500.0;6515.0;6420.0;6465.0;5999.2744140625;141732500
03/06/2021;6495.0;6600.0;6430.0;6600.0;6124.54931640625;133810500
04/06/2021;6620.0;6620.0;6500.0;6580.0;6105.98974609375;62108500
07/06/2021;6560.0;6570.0;6430.0;6530.0;6059.591796875;62576000
08/06/2021;6575.0;6575.0;6430.0;6430.0;5966.7958984375;64348000
09/06/2021;6360.0;6535.0;6360.0;6530.0;6059.591796875;77198000
10/06/2021;6555.0;6620.0;6490.0;6620.0;6143.10888671875;73262500
11/06/2021;6570.0;6580.0;6460.0;6470.0;6003.91455078125;72780500
14/06/2021;6520.0;6520.0;6400.0;6410.0;5948.236328125;61478500
15/06/2021;6445.0;6470.0;6405.0;6470.0;6003.91455078125;87799000
16/06/2021;6420.0;6435.0;6360.0;6385.0;5925.037109375;48984000
17/06/2021;6390.0;6390.0;6275.0;6330.0;5874.0;68448500
18/06/2021;6300.0;6345.0;6280.0;6325.0;5869.35986328125;118043000
21/06/2021;6300.0;6300.0;6210.0;6250.0;5799.7626953125;60823500
22/06/2021;6250.0;6390.0;6240.0;6340.0;5883.279296875;65824000
23/06/2021;6295.0;6340.0;6230.0;6230.0;5781.203125;52451000
24/06/2021;6310.0;6310.0;6200.0;6210.0;5762.64453125;56010000
25/06/2021;6230.0;6260.0;6190.0;6190.0;5744.08447265625;68939500
28/06/2021;6100.0;6150.0;6055.0;6055.0;5618.81005859375;84420500
29/06/2021;6050.0;6090.0;6040.0;6045.0;5609.5302734375;53704000
30/06/2021;6000.0;6070.0;6000.0;6025.0;5590.97119140625;65795000
01/07/2021;6060.0;6075.0;6000.0;6025.0;5590.97119140625;58153000
02/07/2021;6070.0;6140.0;6040.0;6100.0;5660.56787109375;67392500
05/07/2021;6100.0;6130.0;6070.0;6110.0;5669.8486328125;39710500
06/07/2021;6110.0;6110.0;6055.0;6055.0;5618.81005859375;34279500
07/07/2021;6180.0;6180.0;6030.0;6065.0;5628.08935546875;35595000
08/07/2021;6000.0;6040.0;5980.0;6015.0;5581.69189453125;47297000
09/07/2021;6010.0;6020.0;5990.0;6020.0;5586.33154296875;40707500
12/07/2021;6070.0;6180.0;6020.0;6170.0;5725.52587890625;65981500
13/07/2021;6170.0;6175.0;6015.0;6045.0;5609.5302734375;65946500
14/07/2021;6020.0;6030.0;5980.0;5990.0;5558.49267578125;59321000
15/07/2021;6000.0;6115.0;5995.0;6115.0;5674.48779296875;49724000
16/07/2021;6170.0;6170.0;6055.0;6110.0;5669.8486328125;47998500
19/07/2021;6110.0;6110.0;6005.0;6005.0;5572.412109375;47119000
21/07/2021;6050.0;6120.0;6010.0;6010.0;5577.0517578125;55009500
22/07/2021;6115.0;6155.0;6050.0;6155.0;5711.6064453125;60792000
23/07/2021;6180.0;6190.0;6025.0;6035.0;5600.2509765625;79938000
26/07/2021;6040.0;6060.0;6005.0;6005.0;5572.412109375;48171500
27/07/2021;6005.0;6060.0;6000.0;6005.0;5572.412109375;53107500
28/07/2021;6005.0;6010.0;5970.0;5980.0;5549.212890625;74133000
29/07/2021;6055.0;6085.0;5980.0;6040.0;5604.89111328125;84605000
30/07/2021;6040.0;6100.0;5960.0;5970.0;5539.93310546875;105685000
02/08/2021;6060.0;6065.0;5905.0;5960.0;5530.654296875;119981500
03/08/2021;6025.0;6180.0;5985.0;6145.0;5702.32666015625;110071500
04/08/2021;6145.0;6150.0;6060.0;6120.0;5679.1279296875;41112000
05/08/2021;6170.0;6310.0;6140.0;6300.0;5846.1611328125;93768000
06/08/2021;6360.0;6360.0;6135.0;6160.0;5716.24658203125;67285000
09/08/2021;6135.0;6200.0;6105.0;6200.0;5753.36474609375;52858500
10/08/2021;6250.0;6300.0;6115.0;6300.0;5846.1611328125;60446000
12/08/2021;6120.0;6320.0;6120.0;6300.0;5846.1611328125;118325500
13/08/2021;6350.0;6435.0;6325.0;6410.0;5948.236328125;86929000
16/08/2021;6420.0;6420.0;6305.0;6420.0;5957.5166015625;69282000
18/08/2021;6520.0;6760.0;6460.0;6600.0;6124.54931640625;186354500
19/08/2021;6600.0;6600.0;6530.0;6600.0;6124.54931640625;100926000
20/08/2021;6600.0;6600.0;6510.0;6600.0;6124.54931640625;120163500
23/08/2021;6515.0;6590.0;6515.0;6590.0;6115.26953125;68253000
24/08/2021;6570.0;6600.0;6500.0;6600.0;6124.54931640625;59561500
25/08/2021;6600.0;6605.0;6585.0;6600.0;6124.54931640625;80751500
26/08/2021;6560.0;6580.0;6470.0;6560.0;6087.4306640625;74337000
27/08/2021;6490.0;6530.0;6490.0;6510.0;6041.033203125;71572500
30/08/2021;6530.0;6580.0;6520.0;6565.0;6092.0712890625;74564500
31/08/2021;6520.0;6570.0;6515.0;6550.0;6078.15087890625;115373500
01/09/2021;6550.0;6600.0;6535.0;6565.0;6092.0712890625;67362500
02/09/2021;6525.0;6575.0;6455.0;6540.0;6068.87255859375;53257000
03/09/2021;6560.0;6600.0;6515.0;6600.0;6124.54931640625;35764500
06/09/2021;6600.0;6605.0;6550.0;6575.0;6101.3505859375;36780000
07/09/2021;6595.0;6605.0;6570.0;6570.0;6096.71044921875;53902000
08/09/2021;6550.0;6595.0;6420.0;6440.0;5976.0751953125;77888000
09/09/2021;6410.0;6570.0;6410.0;6570.0;6096.71044921875;110074000
10/09/2021;6495.0;6565.0;6495.0;6520.0;6050.3125;41483500
13/09/2021;6560.0;6560.0;6525.0;6555.0;6082.791015625;29929000
14/09/2021;6590.0;6595.0;6495.0;6545.0;6073.51171875;51990500
15/09/2021;6545.0;6550.0;6485.0;6495.0;6027.11328125;44514000
16/09/2021;6580.0;6580.0;6480.0;6500.0;6031.75341796875;58672500
17/09/2021;6490.0;6535.0;6480.0;6520.0;6050.3125;117540000
20/09/2021;6570.0;6590.0;6510.0;6585.0;6110.6298828125;73157500
21/09/2021;6510.0;6535.0;6470.0;6490.0;6022.4736328125;57115500
22/09/2021;6500.0;6580.0;6500.0;6555.0;6082.791015625;68722000
23/09/2021;6555.0;6590.0;6545.0;6580.0;6105.98974609375;60998500
24/09/2021;6500.0;6585.0;6500.0;6585.0;6110.6298828125;60539500
27/09/2021;6585.0;6595.0;6555.0;6580.0;6105.98974609375;55052500
28/09/2021;6540.0;6560.0;6500.0;6520.0;6050.3125;80186000
29/09/2021;6520.0;6580.0;6515.0;6580.0;6105.98974609375;74079000
30/09/2021;6600.0;7000.0;6595.0;7000.0;6495.734375;156848000
01/10/2021;6900.0;6900.0;6710.0;6760.0;6273.02392578125;103954500
04/10/2021;6740.0;6960.0;6740.0;6960.0;6458.6162109375;74719000
05/10/2021;6910.0;6945.0;6860.0;6945.0;6444.6962890625;54986500
06/10/2021;6980.0;7180.0;6970.0;7180.0;6662.767578125;174312000
07/10/2021;7175.0;7175.0;7080.0;7160.0;6644.20849609375;107263500
08/10/2021;7200.0;7300.0;7175.0;7290.0;6764.84326171875;94643500
11/10/2021;7240.0;7290.0;7230.0;7255.0;6732.36474609375;47201000
12/10/2021;7255.0;7320.0;7245.0;7320.0;6792.6826171875;91067000
13/10/2021;7400.0;8250.0;7400.0;7525.0;6982.9140625;210893300
14/10/2021;7600.0;7900.0;7600.0;7750.0;7191.70556640625;138811900
15/10/2021;7800.0;7875.0;7450.0;7650.0;7098.90966796875;142378200
18/10/2021;7650.0;7675.0;7475.0;7525.0;6982.9140625;116644300
19/10/2021;7475.0;7525.0;7350.0;7500.0;6959.71533203125;134601200
21/10/2021;7500.0;7550.0;7350.0;7400.0;6866.91943359375;106120100
22/10/2021;7450.0;7550.0;7425.0;7525.0;6982.9140625;96730700
25/10/2021;7400.0;7525.0;7400.0;7525.0;6982.9140625;60329800
26/10/2021;7600.0;7600.0;7500.0;7525.0;6982.9140625;70103000
27/10/2021;7575.0;7575.0;7425.0;7450.0;6913.31787109375;57067000
28/10/2021;7350.0;7425.0;7350.0;7375.0;6843.72021484375;75271900
29/10/2021;7450.0;7475.0;7375.0;7475.0;6936.51611328125;60639200
01/11/2021;7550.0;7550.0;7400.0;7400.0;6866.91943359375;38593400
02/11/2021;7375.0;7425.0;7250.0;7300.0;6774.123046875;90535400
03/11/2021;7300.0;7400.0;7250.0;7350.0;6820.5205078125;61621500
04/11/2021;7425.0;7475.0;7375.0;7375.0;6843.72021484375;61081400
05/11/2021;7475.0;7475.0;7375.0;7450.0;6913.31787109375;43120400
08/11/2021;7500.0;7600.0;7450.0;7575.0;7029.3125;85441700
09/11/2021;7600.0;7675.0;7575.0;7675.0;7122.10888671875;101785800
10/11/2021;7675.0;7675.0;7575.0;7650.0;7098.90966796875;47503900
11/11/2021;7700.0;7750.0;7600.0;7675.0;7122.10888671875;55790000
12/11/2021;7750.0;7750.0;7525.0;7525.0;6982.9140625;52590100
15/11/2021;7625.0;7625.0;7500.0;7500.0;6959.71533203125;67344200
16/11/2021;7400.0;7475.0;7325.0;7475.0;6936.51611328125;98616900
17/11/2021;7500.0;7575.0;7425.0;7575.0;7052.90087890625;61968100
18/11/2021;7425.0;7500.0;7400.0;7400.0;6889.962890625;78839600
19/11/2021;7425.0;7450.0;7375.0;7425.0;6913.2392578125;68203700
22/11/2021;7425.0;7525.0;7400.0;7475.0;6959.79296875;66328300
23/11/2021;7400.0;7500.0;7400.0;7475.0;6959.79296875;43477500
24/11/2021;7575.0;7575.0;7425.0;7475.0;6959.79296875;35181400
25/11/2021;7450.0;7525.0;7425.0;7425.0;6913.2392578125;40216100
26/11/2021;7400.0;7450.0;7250.0;7275.0;6773.57763671875;113288400
29/11/2021;7275.0;7425.0;7175.0;7400.0;6889.962890625;87907900
30/11/2021;7325.0;7425.0;7275.0;7275.0;6773.57763671875;144923700
01/12/2021;7275.0;7450.0;7275.0;7300.0;6796.85498046875;76538100
02/12/2021;7375.0;7500.0;7300.0;7500.0;6983.0703125;66831000
03/12/2021;7525.0;7525.0;7350.0;7375.0;6866.685546875;63283700
06/12/2021;7450.0;7475.0;7350.0;7350.0;6843.408203125;56944100
07/12/2021;7450.0;7475.0;7350.0;7350.0;6843.408203125;51258200
08/12/2021;7450.0;7475.0;7400.0;7425.0;6913.2392578125;74775000
09/12/2021;7400.0;7450.0;7350.0;7350.0;6843.408203125;54886400
10/12/2021;7325.0;7375.0;7275.0;7375.0;6866.685546875;91092400
13/12/2021;7375.0;7400.0;7300.0;7300.0;6796.85498046875;59977100
14/12/2021;7300.0;7375.0;7275.0;7300.0;6796.85498046875;49763600
15/12/2021;7300.0;7375.0;7275.0;7300.0;6796.85498046875;52477600
16/12/2021;7375.0;7400.0;7275.0;7275.0;6773.57763671875;95171400
17/12/2021;7325.0;7500.0;7300.0;7500.0;6983.0703125;107096800
20/12/2021;7350.0;7400.0;7325.0;7375.0;6866.685546875;74753000
21/12/2021;7325.0;7400.0;7325.0;7375.0;6866.685546875;52386100
22/12/2021;7425.0;7425.0;7325.0;7325.0;6820.1318359375;33232000
23/12/2021;7325.0;7350.0;7300.0;7300.0;6796.85498046875;37136400
24/12/2021;7300.0;7350.0;7300.0;7300.0;6796.85498046875;30802100
27/12/2021;7300.0;7350.0;7300.0;7350.0;6843.408203125;20722100
28/12/2021;7375.0;7400.0;7325.0;7350.0;6843.408203125;39343800
29/12/2021;7350.0;7375.0;7300.0;7300.0;6796.85498046875;42079500
30/12/2021;7350.0;7350.0;7300.0;7300.0;6796.85498046875;49954700
03/01/2022;7325.0;7400.0;7300.0;7325.0;6820.1318359375;54287400
04/01/2022;7325.0;7450.0;7325.0;7400.0;6889.962890625;70624000
05/01/2022;7450.0;7525.0;7375.0;7450.0;6936.51708984375;76164900
06/01/2022;7500.0;7525.0;7425.0;7475.0;6959.79296875;63657100
07/01/2022;7550.0;7700.0;7500.0;7650.0;7122.73095703125;143433300
10/01/2022;7575.0;7650.0;7550.0;7600.0;7076.177734375;45351900
11/01/2022;7650.0;7700.0;7625.0;7700.0;7169.28515625;110334600
12/01/2022;7700.0;7700.0;7650.0;7700.0;7169.28515625;62606000
13/01/2022;7700.0;7750.0;7650.0;7700.0;7169.28515625;50025200
14/01/2022;7700.0;7850.0;7650.0;7850.0;7308.94677734375;65898700
17/01/2022;7900.0;7900.0;7700.0;7750.0;7215.8388671875;63902600
18/01/2022;7775.0;7775.0;7550.0;7675.0;7146.00830078125;71476300
19/01/2022;7650.0;7725.0;7575.0;7675.0;7146.00830078125;60389700
20/01/2022;7725.0;7775.0;7625.0;7775.0;7239.1162109375;59925500
21/01/2022;7775.0;7950.0;7700.0;7950.0;7402.05419921875;63370500
24/01/2022;7825.0;7850.0;7775.0;7800.0;7262.39306640625;40278300
25/01/2022;7675.0;7775.0;7625.0;7775.0;7239.1162109375;106796900
26/01/2022;7700.0;7750.0;7650.0;7700.0;7169.28515625;53350200
27/01/2022;7625.0;7800.0;7625.0;7800.0;7262.39306640625;71945100
28/01/2022;7800.0;7825.0;7700.0;7775.0;7239.1162109375;70595000
31/01/2022;7775.0;7775.0;7625.0;7625.0;7099.45458984375;68122000
02/02/2022;7775.0;7800.0;7675.0;7800.0;7262.39306640625;65308100
03/02/2022;7800.0;7825.0;7700.0;7725.0;7192.56201171875;35100600
04/02/2022;7750.0;7800.0;7700.0;7725.0;7192.56201171875;39324700
07/02/2022;7775.0;7800.0;7700.0;7800.0;7262.39306640625;56813200
08/02/2022;7750.0;7850.0;7725.0;7725.0;7192.56201171875;61883100
09/02/2022;7850.0;7950.0;7800.0;7950.0;7402.05419921875;108922200
10/02/2022;7950.0;7950.0;7750.0;7750.0;7215.8388671875;93277000
11/02/2022;7675.0;7825.0;7650.0;7825.0;7285.66943359375;71968800
14/02/2022;7750.0;7775.0;7700.0;7700.0;7169.28515625;57710700
15/02/2022;7750.0;7875.0;7725.0;7875.0;7332.2236328125;55617000
16/02/2022;7850.0;7975.0;7825.0;7975.0;7425.33154296875;77055100
17/02/2022;7850.0;7925.0;7800.0;7900.0;7355.50048828125;48704600
18/02/2022;7950.0;7950.0;7850.0;7925.0;7378.77783203125;56813400
21/02/2022;7925.0;7975.0;7900.0;7950.0;7402.05419921875;43821700
22/02/2022;7900.0;7950.0;7850.0;7900.0;7355.50048828125;80095500
23/02/2022;7900.0;8100.0;7875.0;8050.0;7495.1611328125;99240300
24/02/2022;8125.0;8150.0;7925.0;8000.0;7448.607421875;124947700
25/02/2022;7950.0;8175.0;7925.0;8050.0;7495.1611328125;135899900
01/03/2022;8000.0;8175.0;8000.0;8050.0;7495.1611328125;136616800
02/03/2022;8225.0;8225.0;7975.0;7975.0;7425.33154296875;100301000
04/03/2022;7975.0;8025.0;7900.0;7900.0;7355.50048828125;132983400
07/03/2022;7800.0;7850.0;7700.0;7700.0;7169.28515625;130990900
08/03/2022;7700.0;7850.0;7650.0;7650.0;7122.73095703125;119256500
09/03/2022;7700.0;7950.0;7650.0;7850.0;7308.94677734375;132814500
10/03/2022;7925.0;7975.0;7800.0;7925.0;7378.77783203125;86484000
11/03/2022;7725.0;7950.0;7725.0;7950.0;7402.05419921875;61053900
14/03/2022;8050.0;8100.0;7950.0;8075.0;7518.43896484375;78432100
15/03/2022;8150.0;8200.0;8075.0;8150.0;7588.26953125;111214500
16/03/2022;8275.0;8275.0;8075.0;8200.0;7634.8232421875;149761300
17/03/2022;8300.0;8300.0;8000.0;8000.0;7448.607421875;132439400
18/03/2022;8000.0;8100.0;7900.0;7900.0;7355.50048828125;143981700
21/03/2022;7800.0;7950.0;7800.0;7900.0;7355.50048828125;85485500
22/03/2022;7900.0;7950.0;7875.0;7925.0;7378.77783203125;60010900
23/03/2022;7925.0;7950.0;7825.0;7900.0;7355.50048828125;82208000
24/03/2022;7850.0;7950.0;7800.0;7925.0;7378.77783203125;95245100
25/03/2022;7900.0;7950.0;7900.0;7950.0;7402.05419921875;85101200
28/03/2022;7825.0;7900.0;7800.0;7900.0;7468.228515625;83911500
29/03/2022;7875.0;7900.0;7825.0;7850.0;7420.96142578125;62180600
30/03/2022;7900.0;7900.0;7825.0;7875.0;7444.59521484375;71430600
31/03/2022;7925.0;8000.0;7875.0;7975.0;7539.12939453125;112691900
01/04/2022;8075.0;8075.0;7850.0;7925.0;7491.8623046875;105575400
04/04/2022;7925.0;7925.0;7825.0;7900.0;7468.228515625;57321200
05/04/2022;7900.0;7900.0;7850.0;7900.0;7468.228515625;48528300
06/04/2022;7825.0;7850.0;7750.0;7750.0;7326.42626953125;119263000
07/04/2022;7725.0;7825.0;7700.0;7750.0;7326.42626953125;68619400
08/04/2022;7800.0;7875.0;7775.0;7850.0;7420.96142578125;69791600
11/04/2022;7825.0;7875.0;7725.0;7725.0;7302.79296875;62776200
12/04/2022;7725.0;7800.0;7700.0;7800.0;7373.6943359375;73471300
13/04/2022;7800.0;7850.0;7750.0;7800.0;7373.6943359375;57622100
14/04/2022;7800.0;7800.0;7700.0;7700.0;7279.15966796875;93342900
18/04/2022;7700.0;7725.0;7625.0;7700.0;7279.15966796875;68464700
19/04/2022;7700.0;7700.0;7625.0;7625.0;7208.25830078125;98632000
20/04/2022;7725.0;7725.0;7625.0;7650.0;7231.89208984375;124388800
21/04/2022;7800.0;7925.0;7750.0;7925.0;7491.8623046875;129323400
22/04/2022;7850.0;7925.0;7800.0;7875.0;7444.59521484375;85956100
25/04/2022;7875.0;8000.0;7825.0;8000.0;7562.7626953125;91279600
26/04/2022;7925.0;8125.0;7925.0;8125.0;7680.93115234375;128360900
27/04/2022;8075.0;8200.0;8075.0;8200.0;7751.83203125;89463100
28/04/2022;8250.0;8250.0;8075.0;8125.0;7680.93115234375;133730600
09/05/2022;7875.0;7900.0;7600.0;7600.0;7184.62451171875;456796600
10/05/2022;7250.0;7600.0;7250.0;7525.0;7113.72412109375;268445700
11/05/2022;7525.0;7700.0;7450.0;7650.0;7231.89208984375;156535200
12/05/2022;7525.0;7550.0;7275.0;7275.0;6877.38720703125;240529600
13/05/2022;7250.0;7475.0;7250.0;7325.0;6924.65478515625;212968600
17/05/2022;7275.0;7475.0;7275.0;7400.0;6995.5556640625;159657600
18/05/2022;7500.0;7575.0;7375.0;7575.0;7160.9912109375;153514300
19/05/2022;7400.0;7475.0;7375.0;7450.0;7042.82373046875;140908900
20/05/2022;7425.0;7475.0;7400.0;7400.0;6995.5556640625;86520200
23/05/2022;7450.0;7475.0;7350.0;7375.0;6971.92236328125;71603500
24/05/2022;7325.0;7475.0;7325.0;7350.0;6948.2880859375;108710800
25/05/2022;7400.0;7450.0;7350.0;7375.0;6971.92236328125;76747400
27/05/2022;7525.0;7575.0;7475.0;7575.0;7160.9912109375;84336900
30/05/2022;7575.0;7600.0;7475.0;7575.0;7160.9912109375;105411400
31/05/2022;7600.0;7750.0;7525.0;7750.0;7326.42626953125;286292700
02/06/2022;7625.0;7675.0;7525.0;7575.0;7160.9912109375;149226300
03/06/2022;7600.0;7675.0;7575.0;7600.0;7184.62451171875;80563100
06/06/2022;7550.0;7575.0;7425.0;7450.0;7042.82373046875;81140300
07/06/2022;7300.0;7475.0;7300.0;7375.0;6971.92236328125;129242500
08/06/2022;7500.0;7600.0;7425.0;7600.0;7184.62451171875;108910500
09/06/2022;7500.0;7575.0;7500.0;7500.0;7090.09033203125;107828300
10/06/2022;7400.0;7450.0;7350.0;7350.0;6948.2880859375;111768600
13/06/2022;7300.0;7400.0;7275.0;7350.0;6948.2880859375;85539500
14/06/2022;7300.0;7400.0;7250.0;7400.0;6995.5556640625;80865100
15/06/2022;7300.0;7375.0;7300.0;7325.0;6924.65478515625;130367100
16/06/2022;7400.0;7600.0;7375.0;7575.0;7160.9912109375;132666300
17/06/2022;7425.0;7550.0;7425.0;7500.0;7090.09033203125;117839400
20/06/2022;7600.0;7650.0;7500.0;7625.0;7208.25830078125;88138700
21/06/2022;7600.0;7650.0;7550.0;7650.0;7231.89208984375;44295700
22/06/2022;7625.0;7650.0;7500.0;7500.0;7090.09033203125;53041800
23/06/2022;7450.0;7575.0;7450.0;7525.0;7113.72412109375;60443000
24/06/2022;7600.0;7600.0;7475.0;7475.0;7066.45654296875;57956600
27/06/2022;7475.0;7500.0;7350.0;7350.0;6948.2880859375;76354100
28/06/2022;7300.0;7400.0;7300.0;7300.0;6901.021484375;146078100
29/06/2022;7325.0;7400.0;7275.0;7275.0;6877.38720703125;98517800
30/06/2022;7300.0;7400.0;7250.0;7250.0;6853.75439453125;101343900
01/07/2022;7300.0;7325.0;7250.0;7250.0;6853.75439453125;68738800
04/07/2022;7250.0;7275.0;7000.0;7050.0;6664.6845703125;102238600
05/07/2022;7100.0;7325.0;7100.0;7250.0;6853.75439453125;69172900
06/07/2022;7300.0;7325.0;7175.0;7300.0;6901.021484375;66801100
07/07/2022;7225.0;7250.0;7100.0;7100.0;6711.9521484375;86126800
08/07/2022;7125.0;7175.0;7075.0;7150.0;6759.2197265625;64312400
11/07/2022;7200.0;7200.0;7125.0;7125.0;6735.5859375;36830800
12/07/2022;7175.0;7250.0;7150.0;7175.0;6782.853515625;34269000
13/07/2022;7100.0;7125.0;7000.0;7000.0;6617.41748046875;71988200
14/07/2022;7025.0;7100.0;7000.0;7025.0;6641.05078125;83316300
15/07/2022;7100.0;7100.0;7000.0;7000.0;6617.41748046875;57419900
18/07/2022;7025.0;7150.0;7025.0;7150.0;6759.2197265625;60077700
19/07/2022;7100.0;7175.0;7100.0;7175.0;6782.853515625;59641000
20/07/2022;7200.0;7400.0;7175.0;7400.0;6995.5556640625;105792900
21/07/2022;7400.0;7400.0;7250.0;7400.0;6995.5556640625;64337100
22/07/2022;7400.0;7400.0;7300.0;7325.0;6924.65478515625;38956500
25/07/2022;7350.0;7375.0;7300.0;7300.0;6901.021484375;31247600
26/07/2022;7250.0;7375.0;7250.0;7300.0;6901.021484375;44379900
27/07/2022;7325.0;7350.0;7275.0;7325.0;6924.65478515625;58465500
28/07/2022;7375.0;7450.0;7325.0;7350.0;6948.2880859375;86909700
29/07/2022;7400.0;7475.0;7350.0;7350.0;6948.2880859375;131553000
01/08/2022;7350.0;7500.0;7350.0;7500.0;7090.09033203125;104841600
02/08/2022;7600.0;7625.0;7500.0;7600.0;7184.62451171875;106466900
03/08/2022;7625.0;7625.0;7575.0;7625.0;7208.25830078125;60170600
04/08/2022;7675.0;7800.0;7650.0;7800.0;7373.6943359375;164221000
05/08/2022;7825.0;7875.0;7725.0;7875.0;7444.59521484375;118734200
08/08/2022;7875.0;7925.0;7750.0;7875.0;7444.59521484375;84328900
09/08/2022;7875.0;7975.0;7875.0;7900.0;7468.228515625;92875800
10/08/2022;7800.0;7900.0;7725.0;7900.0;7468.228515625;104376300
11/08/2022;7850.0;7950.0;7825.0;7950.0;7515.49560546875;73204700
12/08/2022;7925.0;7975.0;7850.0;7925.0;7491.8623046875;59381200
15/08/2022;7950.0;7975.0;7900.0;7950.0;7515.49560546875;81411000
16/08/2022;7950.0;7975.0;7850.0;7975.0;7539.12939453125;83556700
18/08/2022;7900.0;8025.0;7875.0;8000.0;7562.7626953125;86136900
19/08/2022;8050.0;8050.0;7900.0;7900.0;7468.228515625;58194900
22/08/2022;7850.0;8000.0;7825.0;8000.0;7562.7626953125;97293300
23/08/2022;8000.0;8000.0;7900.0;7900.0;7468.228515625;71671800
24/08/2022;7950.0;8025.0;7900.0;7950.0;7515.49560546875;108892400
25/08/2022;8000.0;8100.0;7900.0;8075.0;7633.6640625;99503500
26/08/2022;8025.0;8125.0;8000.0;8000.0;7562.7626953125;80472400
29/08/2022;8000.0;8150.0;7950.0;8150.0;7704.56494140625;57762100
30/08/2022;8100.0;8275.0;8075.0;8175.0;7728.19873046875;124467000
31/08/2022;8075.0;8225.0;8050.0;8200.0;7751.83203125;137659900
01/09/2022;8150.0;8250.0;8125.0;8150.0;7704.56494140625;74960800
02/09/2022;8150.0;8225.0;8150.0;8225.0;7775.4658203125;71430600
05/09/2022;8225.0;8300.0;8200.0;8275.0;7822.732421875;62906000
06/09/2022;8300.0;8350.0;8250.0;8275.0;7822.732421875;67079900
07/09/2022;8250.0;8375.0;8250.0;8375.0;7917.26708984375;117931700
08/09/2022;8400.0;8500.0;8350.0;8350.0;7893.63330078125;132777400
09/09/2022;8500.0;8500.0;8275.0;8375.0;7917.26708984375;91234600
12/09/2022;8325.0;8425.0;8325.0;8375.0;7917.26708984375;52395300
13/09/2022;8375.0;8575.0;8375.0;8525.0;8059.0693359375;124485200
14/09/2022;8375.0;8650.0;8375.0;8500.0;8035.435546875;116642400
15/09/2022;8500.0;8875.0;8500.0;8750.0;8271.771484375;190404800
16/09/2022;8700.0;8725.0;8450.0;8450.0;7988.16796875;363127600
19/09/2022;8475.0;8750.0;8450.0;8650.0;8177.23681640625;102530600
20/09/2022;8550.0;8650.0;8550.0;8550.0;8082.70361328125;89238400
21/09/2022;8525.0;8600.0;8425.0;8475.0;8011.80126953125;90933700
22/09/2022;8375.0;8525.0;8375.0;8475.0;8011.80126953125;61908500
23/09/2022;8375.0;8475.0;8375.0;8375.0;7917.26708984375;60567600
26/09/2022;8200.0;8500.0;8200.0;8425.0;7964.53515625;106228200
27/09/2022;8375.0;8450.0;8300.0;8300.0;7846.3662109375;89567100
28/09/2022;8250.0;8425.0;8250.0;8325.0;7870.0;89153400
29/09/2022;8325.0;8450.0;8325.0;8375.0;7917.26708984375;62643700
30/09/2022;8375.0;8575.0;8275.0;8550.0;8082.70361328125;176524800
03/10/2022;8450.0;8525.0;8450.0;8500.0;8035.435546875;115079600
04/10/2022;8525.0;8625.0;8525.0;8550.0;8082.70361328125;80524500
05/10/2022;8525.0;8550.0;8425.0;8450.0;7988.16796875;63788000
06/10/2022;8475.0;8500.0;8425.0;8425.0;7964.53515625;43967400
07/10/2022;8325.0;8375.0;8200.0;8200.0;7751.83203125;112043400
10/10/2022;8150.0;8375.0;8125.0;8300.0;7846.3662109375;80238200
11/10/2022;8200.0;8300.0;8150.0;8250.0;7799.09912109375;64060000
12/10/2022;8200.0;8325.0;8175.0;8325.0;7870.0;47569700
13/10/2022;8275.0;8375.0;8275.0;8275.0;7822.732421875;62282800
14/10/2022;8300.0;8350.0;8250.0;8250.0;7799.09912109375;70642900
17/10/2022;8250.0;8300.0;8175.0;8250.0;7799.09912109375;56387500
18/10/2022;8275.0;8475.0;8250.0;8300.0;7846.3662109375;85665300
19/10/2022;8250.0;8350.0;8225.0;8275.0;7822.732421875;66753500
20/10/2022;8250.0;8500.0;8250.0;8500.0;8035.435546875;91812300
21/10/2022;8450.0;8725.0;8450.0;8650.0;8177.23681640625;122777800
24/10/2022;8750.0;8900.0;8725.0;8900.0;8413.5732421875;89416500
25/10/2022;8825.0;8875.0;8700.0;8700.0;8224.5048828125;84696300
26/10/2022;8625.0;8650.0;8550.0;8550.0;8082.70361328125;98962100
27/10/2022;8550.0;8700.0;8550.0;8700.0;8224.5048828125;77003400
28/10/2022;8650.0;8750.0;8650.0;8750.0;8271.771484375;84980600
31/10/2022;8850.0;8850.0;8775.0;8800.0;8319.0400390625;138922800
01/11/2022;9000.0;9000.0;8725.0;8800.0;8319.0400390625;118118400
02/11/2022;8800.0;8825.0;8725.0;8750.0;8271.771484375;68323600
03/11/2022;8700.0;8825.0;8700.0;8800.0;8319.0400390625;81856300
04/11/2022;8775.0;8800.0;8675.0;8775.0;8295.4052734375;84458300
07/11/2022;8725.0;8850.0;8675.0;8850.0;8366.306640625;94794000
08/11/2022;8850.0;8875.0;8725.0;8750.0;8271.771484375;42525500
09/11/2022;8675.0;8875.0;8675.0;8875.0;8389.9404296875;96599500
10/11/2022;8725.0;8800.0;8725.0;8800.0;8319.0400390625;89463000
11/11/2022;8900.0;8925.0;8825.0;8850.0;8366.306640625;59597900
14/11/2022;8875.0;8900.0;8750.0;8750.0;8271.771484375;49208200
15/11/2022;8775.0;8850.0;8750.0;8800.0;8319.0400390625;59092900
16/11/2022;8625.0;8675.0;8550.0;8600.0;8129.970703125;143424800
17/11/2022;8625.0;8825.0;8600.0;8725.0;8248.138671875;72679800
18/11/2022;8725.0;8900.0;8725.0;8825.0;8342.6728515625;83556900
21/11/2022;8875.0;8900.0;8725.0;8725.0;8248.138671875;35901000
22/11/2022;8900.0;8950.0;8850.0;8900.0;8413.5732421875;84684200
23/11/2022;8900.0;8975.0;8875.0;8875.0;8389.9404296875;84642100
24/11/2022;8975.0;9000.0;8950.0;9000.0;8508.1083984375;53520800
25/11/2022;9000.0;9000.0;8900.0;8975.0;8484.474609375;75048300
28/11/2022;9050.0;9100.0;8975.0;9025.0;8531.7412109375;96209700
29/11/2022;8975.0;9075.0;8925.0;8975.0;8484.474609375;91562100
30/11/2022;8875.0;9400.0;8850.0;9300.0;8791.7119140625;644359600
01/12/2022;9275.0;9350.0;9000.0;9000.0;8508.1083984375;155775400
02/12/2022;8900.0;8975.0;8900.0;8900.0;8446.4208984375;130982100
05/12/2022;8800.0;8900.0;8775.0;8775.0;8327.791015625;114656300
06/12/2022;8725.0;8750.0;8575.0;8675.0;8232.8876953125;180553800
07/12/2022;8500.0;8575.0;8450.0;8450.0;8019.3544921875;229308700
08/12/2022;8375.0;8575.0;8350.0;8500.0;8066.80615234375;172590100
09/12/2022;8500.0;8600.0;8450.0;8575.0;8137.9853515625;90851300
12/12/2022;8525.0;8700.0;8475.0;8700.0;8256.6142578125;102851800
13/12/2022;8625.0;8700.0;8550.0;8700.0;8256.6142578125;104580200
14/12/2022;8600.0;8700.0;8525.0;8625.0;8185.4365234375;118164300
15/12/2022;8575.0;8600.0;8500.0;8500.0;8066.80615234375;113255700
16/12/2022;8425.0;8650.0;8400.0;8600.0;8161.7109375;181516700
19/12/2022;8650.0;8700.0;8600.0;8650.0;8209.1611328125;67482900
20/12/2022;8550.0;8650.0;8550.0;8575.0;8137.9853515625;41243700
21/12/2022;8600.0;8700.0;8575.0;8675.0;8232.8876953125;33617700
22/12/2022;8650.0;8675.0;8575.0;8575.0;8137.9853515625;59591500
23/12/2022;8525.0;8575.0;8500.0;8500.0;8066.80615234375;47393000
26/12/2022;8500.0;8625.0;8500.0;8575.0;8137.9853515625;20495900
27/12/2022;8600.0;8650.0;8575.0;8600.0;8161.7109375;27193800
28/12/2022;8650.0;8650.0;8550.0;8650.0;8209.1611328125;40420200
29/12/2022;8525.0;8600.0;8500.0;8575.0;8137.9853515625;47020900
30/12/2022;8575.0;8650.0;8550.0;8550.0;8114.259765625;44681400
02/01/2023;8575.0;8600.0;8500.0;8550.0;8114.259765625;10653900
03/01/2023;8550.0;8600.0;8525.0;8550.0;8114.259765625;27399100
04/01/2023;8525.0;8575.0;8350.0;8350.0;7924.45068359375;90918800
05/01/2023;8350.0;8375.0;8150.0;8250.0;7829.54736328125;128838500
06/01/2023;8100.0;8325.0;8100.0;8300.0;7876.99951171875;69286600
09/01/2023;8325.0;8450.0;8325.0;8450.0;8019.3544921875;86916900
10/01/2023;8400.0;8425.0;8150.0;8175.0;7758.3701171875;101759100
11/01/2023;8050.0;8150.0;8000.0;8125.0;7710.91845703125;96069100
12/01/2023;8150.0;8275.0;8125.0;8175.0;7758.3701171875;103804600
13/01/2023;8150.0;8175.0;8025.0;8050.0;7639.740234375;119748200
16/01/2023;8050.0;8200.0;8050.0;8150.0;7734.64404296875;105710700
17/01/2023;8175.0;8375.0;8150.0;8325.0;7900.72509765625;88695900
18/01/2023;8200.0;8325.0;8175.0;8300.0;7876.99951171875;96814600
19/01/2023;8350.0;8350.0;8250.0;8325.0;7900.72509765625;66391800
20/01/2023;8275.0;8325.0;8250.0;8300.0;7876.99951171875;96859500
24/01/2023;8300.0;8350.0;8225.0;8225.0;7805.822265625;42474500
25/01/2023;8300.0;8300.0;8200.0;8200.0;7782.09619140625;66124500
26/01/2023;8225.0;8475.0;8225.0;8475.0;8043.08056640625;77582300
27/01/2023;8700.0;8850.0;8550.0;8700.0;8256.6142578125;196804700
30/01/2023;8725.0;8775.0;8575.0;8700.0;8256.6142578125;68544300
31/01/2023;8625.0;8675.0;8475.0;8475.0;8043.08056640625;200589000
01/02/2023;8575.0;8575.0;8450.0;8500.0;8066.80615234375;77396200
02/02/2023;8425.0;8525.0;8400.0;8450.0;8019.3544921875;99109500
03/02/2023;8550.0;8700.0;8500.0;8700.0;8256.6142578125;71716700
06/02/2023;8750.0;8750.0;8650.0;8725.0;8280.33984375;117757700
07/02/2023;8775.0;8850.0;8750.0;8850.0;8398.9697265625;116014700
08/02/2023;8825.0;8850.0;8800.0;8825.0;8375.2431640625;54495500
09/02/2023;8825.0;8900.0;8800.0;8900.0;8446.4208984375;72381700
10/02/2023;8875.0;8900.0;8700.0;8825.0;8375.2431640625;62060900
13/02/2023;8875.0;8900.0;8775.0;8875.0;8422.6953125;63775000
14/02/2023;8850.0;8950.0;8825.0;8950.0;8493.873046875;81678200
15/02/2023;8875.0;8900.0;8750.0;8875.0;8422.6953125;38037000
16/02/2023;8825.0;8850.0;8700.0;8700.0;8256.6142578125;66040400
17/02/2023;8775.0;8850.0;8725.0;8725.0;8280.33984375;43588900
20/02/2023;8725.0;8825.0;8700.0;8750.0;8304.0654296875;40077000
21/02/2023;8775.0;8800.0;8700.0;8700.0;8256.6142578125;25390500
22/02/2023;8700.0;8750.0;8625.0;8675.0;8232.8876953125;38671900
23/02/2023;8625.0;8750.0;8625.0;8725.0;8280.33984375;53412300
24/02/2023;8775.0;8850.0;8675.0;8675.0;8232.8876953125;44123400
27/02/2023;8675.0;8775.0;8650.0;8775.0;8327.791015625;59983900
28/02/2023;8775.0;8775.0;8675.0;8750.0;8304.0654296875;106349400
01/03/2023;8725.0;8750.0;8600.0;8600.0;8161.7109375;67034700
02/03/2023;8600.0;8700.0;8600.0;8625.0;8185.4365234375;56672000
03/03/2023;8650.0;8675.0;8475.0;8475.0;8043.08056640625;95376900
06/03/2023;8550.0;8550.0;8400.0;8400.0;7971.90283203125;92652000
07/03/2023;8350.0;8475.0;8350.0;8425.0;7995.62890625;106115600
08/03/2023;8400.0;8575.0;8400.0;8575.0;8137.9853515625;79350900
09/03/2023;8650.0;8650.0;8550.0;8575.0;8137.9853515625;54201400
10/03/2023;8500.0;8550.0;8450.0;8450.0;8019.3544921875;59580100
13/03/2023;8450.0;8625.0;8450.0;8550.0;8114.259765625;82077700
14/03/2023;8425.0;8475.0;8325.0;8325.0;7900.72509765625;90495300
15/03/2023;8450.0;8475.0;8325.0;8325.0;7900.72509765625;86747400
16/03/2023;8300.0;8350.0;8250.0;8300.0;7876.99951171875;105894000
17/03/2023;8375.0;8450.0;8325.0;8375.0;7948.17724609375;198558600
20/03/2023;8400.0;8475.0;8375.0;8400.0;7971.90283203125;37277900
21/03/2023;8400.0;8500.0;8375.0;8500.0;8066.80615234375;91617400
24/03/2023;8700.0;8825.0;8625.0;8825.0;8375.2431640625;145603600
27/03/2023;8825.0;8825.0;8700.0;8700.0;8256.6142578125;110692800
28/03/2023;8800.0;8800.0;8675.0;8675.0;8232.8876953125;98296600
29/03/2023;8675.0;8800.0;8625.0;8800.0;8518.44921875;101068200
30/03/2023;8900.0;8900.0;8800.0;8825.0;8542.6494140625;118912100
31/03/2023;8825.0;8850.0;8725.0;8750.0;8470.048828125;97146900
03/04/2023;8825.0;8825.0;8750.0;8800.0;8518.44921875;60288900
04/04/2023;8825.0;8825.0;8650.0;8775.0;8494.2490234375;60975800
05/04/2023;8775.0;8800.0;8725.0;8725.0;8445.8486328125;36922100
06/04/2023;8700.0;8775.0;8700.0;8750.0;8470.048828125;45489400
10/04/2023;8725.0;8800.0;8700.0;8800.0;8518.44921875;32996000
11/04/2023;8825.0;8825.0;8750.0;8825.0;8542.6494140625;44554300
12/04/2023;8900.0;8900.0;8825.0;8900.0;8615.25;91903600
13/04/2023;8950.0;8950.0;8875.0;8925.0;8639.4501953125;51726500
14/04/2023;9000.0;9000.0;8950.0;9000.0;8712.05078125;110354200
17/04/2023;9025.0;9050.0;8900.0;9025.0;8736.2509765625;83946900
18/04/2023;9050.0;9175.0;9025.0;9125.0;8833.0517578125;91178700
26/04/2023;9125.0;9200.0;9000.0;9200.0;8905.6513671875;186928200
27/04/2023;9100.0;9175.0;9075.0;9150.0;8857.2509765625;54842400
28/04/2023;9100.0;9125.0;9050.0;9050.0;8760.451171875;145775300
02/05/2023;9100.0;9100.0;8900.0;9050.0;8760.451171875;83645900
03/05/2023;9050.0;9050.0;8875.0;8925.0;8639.4501953125;83728800
04/05/2023;8925.0;9025.0;8875.0;9000.0;8712.05078125;67565000
05/05/2023;9000.0;9050.0;8950.0;9000.0;8712.05078125;64815100
08/05/2023;9000.0;9075.0;8950.0;9000.0;8712.05078125;84754500
09/05/2023;8950.0;8975.0;8900.0;8925.0;8639.4501953125;40929600
10/05/2023;8925.0;8950.0;8900.0;8925.0;8639.4501953125;45322600
11/05/2023;8900.0;8900.0;8800.0;8825.0;8542.6494140625;81993900
12/05/2023;8750.0;8875.0;8725.0;8800.0;8518.44921875;96525600
15/05/2023;8875.0;8875.0;8725.0;8775.0;8494.2490234375;64830300
16/05/2023;8800.0;8825.0;8700.0;8700.0;8421.6484375;49497000
17/05/2023;8775.0;8850.0;8750.0;8775.0;8494.2490234375;69996100
19/05/2023;8900.0;9000.0;8825.0;9000.0;8712.05078125;123592500
22/05/2023;9000.0;9075.0;8925.0;9000.0;8712.05078125;91000000
23/05/2023;9050.0;9150.0;9025.0;9125.0;8833.0517578125;102980500
24/05/2023;9200.0;9200.0;9025.0;9025.0;8736.2509765625;77392900
25/05/2023;9100.0;9150.0;9050.0;9050.0;8760.451171875;76325700
26/05/2023;9175.0;9200.0;9100.0;9150.0;8857.2509765625;55675900
29/05/2023;9250.0;9250.0;9075.0;9150.0;8857.2509765625;79148200
30/05/2023;9200.0;9325.0;9150.0;9250.0;8954.0517578125;97189500
31/05/2023;9300.0;9325.0;9050.0;9050.0;8760.451171875;722827900
05/06/2023;9150.0;9325.0;9100.0;9200.0;8905.6513671875;163535600
06/06/2023;9050.0;9200.0;9050.0;9150.0;8857.2509765625;74872200
07/06/2023;9125.0;9175.0;9075.0;9100.0;8808.8515625;87492200
08/06/2023;9075.0;9125.0;9075.0;9125.0;8833.0517578125;53188400
09/06/2023;9175.0;9175.0;9100.0;9100.0;8808.8515625;44632400
12/06/2023;9150.0;9150.0;9100.0;9150.0;8857.2509765625;38082300
13/06/2023;9175.0;9175.0;9100.0;9150.0;8857.2509765625;45552600
14/06/2023;9100.0;9125.0;9050.0;9075.0;8784.6513671875;72223700
15/06/2023;9100.0;9100.0;9050.0;9050.0;8760.451171875;59073000
16/06/2023;9100.0;9100.0;8975.0;9050.0;8760.451171875;112769400
19/06/2023;9000.0;9050.0;9000.0;9000.0;8712.05078125;32330600
20/06/2023;9025.0;9050.0;8950.0;9050.0;8760.451171875;54990100
21/06/2023;9050.0;9125.0;9000.0;9125.0;8833.0517578125;42676300
22/06/2023;9125.0;9150.0;9050.0;9050.0;8760.451171875;48291100
23/06/2023;9025.0;9150.0;9025.0;9050.0;8760.451171875;47813500
26/06/2023;9025.0;9125.0;9025.0;9075.0;8784.6513671875;36389900
27/06/2023;9050.0;9150.0;9050.0;9150.0;8857.2509765625;36225100
03/07/2023;9025.0;9075.0;9025.0;9075.0;8784.6513671875;108855900
04/07/2023;9150.0;9150.0;9050.0;9050.0;8760.451171875;35049300
05/07/2023;9050.0;9075.0;9025.0;9050.0;8760.451171875;44609200
06/07/2023;9050.0;9100.0;9025.0;9075.0;8784.6513671875;52532400
07/07/2023;9025.0;9100.0;9025.0;9025.0;8736.2509765625;37641300
10/07/2023;9100.0;9100.0;9050.0;9050.0;8760.451171875;28981500
11/07/2023;9100.0;9100.0;9025.0;9025.0;8736.2509765625;43703500
12/07/2023;9075.0;9175.0;9050.0;9175.0;8881.451171875;61566500
13/07/2023;9200.0;9225.0;9125.0;9125.0;8833.0517578125;65230900
14/07/2023;9175.0;9200.0;9125.0;9200.0;8905.6513671875;55554500
17/07/2023;9200.0;9250.0;9175.0;9175.0;8881.451171875;62550100
18/07/2023;9200.0;9250.0;9100.0;9150.0;8857.2509765625;52924600
20/07/2023;9200.0;9225.0;9125.0;9150.0;8857.2509765625;83476600
21/07/2023;9150.0;9175.0;9125.0;9150.0;8857.2509765625;42667800
24/07/2023;9200.0;9200.0;9100.0;9100.0;8808.8515625;62061200
25/07/2023;9175.0;9300.0;9150.0;9150.0;8857.2509765625;122802700
26/07/2023;9175.0;9350.0;9125.0;9350.0;9050.8525390625;113868700
27/07/2023;9400.0;9400.0;9225.0;9225.0;8929.8515625;77848400
28/07/2023;9200.0;9225.0;9125.0;9125.0;8833.0517578125;74510200
31/07/2023;9175.0;9200.0;9100.0;9125.0;8833.0517578125;80868000
01/08/2023;9175.0;9175.0;9100.0;9125.0;8833.0517578125;49756400
02/08/2023;9125.0;9200.0;9125.0;9200.0;8905.6513671875;60629900
03/08/2023;9150.0;9300.0;9150.0;9250.0;8954.0517578125;64596100
04/08/2023;9250.0;9275.0;9125.0;9150.0;8857.2509765625;52675900
07/08/2023;9150.0;9275.0;9150.0;9275.0;8978.251953125;55589300
08/08/2023;9275.0;9300.0;9200.0;9200.0;8905.6513671875;43373400
09/08/2023;9275.0;9400.0;9250.0;9400.0;9099.2529296875;77056800
10/08/2023;9400.0;9425.0;9350.0;9400.0;9099.2529296875;76738100
11/08/2023;9425.0;9450.0;9375.0;9400.0;9099.2529296875;68898600
14/08/2023;9325.0;9350.0;9225.0;9350.0;9050.8525390625;75495400
15/08/2023;9325.0;9375.0;9300.0;9300.0;9002.4521484375;59303700
16/08/2023;9275.0;9325.0;9250.0;9300.0;9002.4521484375;53440000
18/08/2023;9250.0;9350.0;9250.0;9250.0;8954.0517578125;79328900
21/08/2023;9225.0;9250.0;9175.0;9175.0;8881.451171875;73573000
22/08/2023;9150.0;9325.0;9150.0;9300.0;9002.4521484375;65664600
23/08/2023;9300.0;9325.0;9275.0;9300.0;9002.4521484375;63749800
24/08/2023;9250.0;9325.0;9200.0;9200.0;8905.6513671875;53725900
25/08/2023;9200.0;9275.0;9175.0;9275.0;8978.251953125;50379000
28/08/2023;9250.0;9250.0;9200.0;9200.0;8905.6513671875;44423100
29/08/2023;9275.0;9300.0;9200.0;9250.0;8954.0517578125;45428500
30/08/2023;9300.0;9300.0;9200.0;9200.0;8905.6513671875;56227000
31/08/2023;9200.0;9225.0;9100.0;9175.0;8881.451171875;136107200
01/09/2023;9200.0;9275.0;9175.0;9225.0;8929.8515625;42152700
04/09/2023;9225.0;9275.0;9175.0;9225.0;8929.8515625;40610600
05/09/2023;9250.0;9250.0;9200.0;9225.0;8929.8515625;42007200
06/09/2023;9200.0;9250.0;9150.0;9150.0;8857.2509765625;49318400
07/09/2023;9125.0;9175.0;9100.0;9175.0;8881.451171875;61405200
08/09/2023;9100.0;9150.0;9050.0;9125.0;8833.0517578125;80732300
11/09/2023;9075.0;9125.0;9075.0;9125.0;8833.0517578125;53155900
12/09/2023;9100.0;9125.0;9075.0;9100.0;8808.8515625;66479000
13/09/2023;9050.0;9075.0;9000.0;9075.0;8784.6513671875;69490200
14/09/2023;9000.0;9125.0;9000.0;9100.0;8808.8515625;112757900
15/09/2023;9050.0;9100.0;9000.0;9000.0;8712.05078125;121005300
18/09/2023;9050.0;9075.0;9000.0;9000.0;8712.05078125;34272200
19/09/2023;9000.0;9075.0;8975.0;9075.0;8784.6513671875;33325800
20/09/2023;9125.0;9175.0;9075.0;9150.0;8857.2509765625;54305500
21/09/2023;9125.0;9150.0;9075.0;9125.0;8833.0517578125;40607000
22/09/2023;9125.0;9150.0;9075.0;9075.0;8784.6513671875;42445300
25/09/2023;9075.0;9075.0;9000.0;9000.0;8712.05078125;56132200
26/09/2023;9000.0;9025.0;8950.0;8950.0;8663.650390625;73544700
27/09/2023;8900.0;9000.0;8875.0;8875.0;8591.0498046875;84345000
29/09/2023;8825.0;8900.0;8825.0;8825.0;8542.6494140625;118960000
02/10/2023;8900.0;9100.0;8875.0;9075.0;8784.6513671875;93663000
03/10/2023;9075.0;9200.0;9025.0;9200.0;8905.6513671875;98380200
04/10/2023;9200.0;9250.0;9125.0;9200.0;8905.6513671875;112582800
05/10/2023;9200.0;9200.0;9075.0;9075.0;8784.6513671875;72855700
06/10/2023;9100.0;9100.0;9025.0;9025.0;8736.2509765625;53344400
09/10/2023;9025.0;9125.0;9025.0;9050.0;8760.451171875;43774500
10/10/2023;9000.0;9000.0;8925.0;8925.0;8639.4501953125;71966100
11/10/2023;8925.0;9025.0;8925.0;8925.0;8639.4501953125;84305800
12/10/2023;9000.0;9100.0;9000.0;9050.0;8760.451171875;71064500
13/10/2023;9100.0;9125.0;9025.0;9075.0;8784.6513671875;62941800
16/10/2023;9125.0;9125.0;9050.0;9100.0;8808.8515625;29429200
17/10/2023;9050.0;9075.0;8950.0;8950.0;8663.650390625;59606000
18/10/2023;8925.0;8950.0;8850.0;8850.0;8566.849609375;50919200
19/10/2023;8825.0;8850.0;8750.0;8750.0;8470.048828125;89509700
20/10/2023;8725.0;9025.0;8725.0;8975.0;8687.8505859375;64554500
23/10/2023;8875.0;8925.0;8850.0;8850.0;8566.849609375;50633500
24/10/2023;8775.0;8875.0;8775.0;8775.0;8494.2490234375;76963200
25/10/2023;8825.0;8925.0;8825.0;8875.0;8591.0498046875;54748400
26/10/2023;8925.0;8950.0;8725.0;8725.0;8445.8486328125;63199400
27/10/2023;8725.0;8800.0;8700.0;8700.0;8421.6484375;52450700
30/10/2023;8700.0;8850.0;8700.0;8850.0;8566.849609375;51958200
31/10/2023;8800.0;8825.0;8725.0;8750.0;8470.048828125;64907600
01/11/2023;8750.0;8775.0;8600.0;8600.0;8324.849609375;67027600
02/11/2023;8725.0;8900.0;8725.0;8850.0;8566.849609375;56050900
03/11/2023;8925.0;8950.0;8850.0;8900.0;8615.25;60414100
06/11/2023;8975.0;9050.0;8950.0;9050.0;8760.451171875;84994200
07/11/2023;9000.0;9025.0;8900.0;8975.0;8687.8505859375;60648200
08/11/2023;8950.0;9000.0;8900.0;9000.0;8712.05078125;31829300
09/11/2023;8900.0;9050.0;8900.0;9000.0;8712.05078125;46076800
10/11/2023;8950.0;9000.0;8825.0;8825.0;8542.6494140625;50754600
13/11/2023;8875.0;8925.0;8850.0;8875.0;8591.0498046875;20827700
14/11/2023;8900.0;8950.0;8875.0;8925.0;8639.4501953125;37195700
15/11/2023;8975.0;9050.0;8950.0;9050.0;8760.451171875;84977900
16/11/2023;9050.0;9075.0;8950.0;9075.0;8784.6513671875;48714300
17/11/2023;9025.0;9075.0;8975.0;9075.0;8784.6513671875;57050500
20/11/2023;8975.0;9025.0;8875.0;8875.0;8591.0498046875;49216000
21/11/2023;8825.0;8900.0;8775.0;8775.0;8494.2490234375;107614800
22/11/2023;8775.0;8875.0;8775.0;8875.0;8591.0498046875;40364800
23/11/2023;8850.0;8975.0;8850.0;8925.0;8639.4501953125;55542100
24/11/2023;8925.0;8975.0;8900.0;8925.0;8639.4501953125;43631900
27/11/2023;8900.0;8950.0;8875.0;8875.0;8591.0498046875;35679000
28/11/2023;8875.0;8950.0;8850.0;8875.0;8591.0498046875;69070600
29/11/2023;8900.0;8950.0;8900.0;8900.0;8615.25;54715600
30/11/2023;8925.0;8975.0;8900.0;8975.0;8687.8505859375;205312100
01/12/2023;8925.0;8975.0;8900.0;8950.0;8663.650390625;80566400
04/12/2023;8950.0;9025.0;8925.0;8925.0;8680.6708984375;54747400
05/12/2023;8950.0;8950.0;8825.0;8900.0;8656.35546875;94363900
06/12/2023;8850.0;8950.0;8800.0;8800.0;8559.0927734375;81852800
07/12/2023;8750.0;8825.0;8725.0;8825.0;8583.408203125;91322500
08/12/2023;8800.0;8850.0;8750.0;8750.0;8510.4619140625;43891600
11/12/2023;8675.0;8775.0;8675.0;8750.0;8510.4619140625;78642800
12/12/2023;8700.0;8750.0;8700.0;8700.0;8461.830078125;87589300
13/12/2023;8700.0;8750.0;8675.0;8675.0;8437.5146484375;51560500
14/12/2023;8775.0;9050.0;8750.0;9050.0;8802.2490234375;115332800
15/12/2023;9125.0;9225.0;9075.0;9225.0;8972.4580078125;275013500
18/12/2023;9200.0;9225.0;9150.0;9200.0;8948.142578125;111712200
19/12/2023;9125.0;9250.0;9125.0;9250.0;8996.7734375;65174500
20/12/2023;9250.0;9300.0;9225.0;9300.0;9045.4052734375;72938100
21/12/2023;9300.0;9325.0;9250.0;9325.0;9069.720703125;88116700
22/12/2023;9275.0;9350.0;9275.0;9325.0;9069.720703125;64449600
27/12/2023;9375.0;9400.0;9325.0;9375.0;9118.3515625;64464700
28/12/2023;9325.0;9425.0;9325.0;9400.0;9142.66796875;70184600
29/12/2023;9425.0;9450.0;9350.0;9400.0;9142.66796875;79903400
02/01/2024;9400.0;9425.0;9350.0;9425.0;9166.9833984375;30545200
03/01/2024;9425.0;9425.0;9325.0;9350.0;9094.0361328125;34603300
04/01/2024;9400.0;9475.0;9375.0;9475.0;9215.6142578125;56501800
05/01/2024;9500.0;9600.0;9475.0;9575.0;9312.876953125;85290100
08/01/2024;9600.0;9625.0;9475.0;9575.0;9312.876953125;50896000
09/01/2024;9600.0;9625.0;9575.0;9625.0;9361.5087890625;59848600
10/01/2024;9650.0;9650.0;9550.0;9550.0;9288.5615234375;52774900
11/01/2024;9625.0;9650.0;9575.0;9575.0;9312.876953125;39381500
12/01/2024;9650.0;9700.0;9600.0;9700.0;9434.4541015625;68253400
15/01/2024;9750.0;9750.0;9650.0;9725.0;9458.7705078125;88399500
16/01/2024;9700.0;9750.0;9675.0;9700.0;9434.4541015625;44869200
17/01/2024;9750.0;9750.0;9650.0;9750.0;9483.0859375;107706100
18/01/2024;9675.0;9750.0;9625.0;9675.0;9410.1396484375;71048900
19/01/2024;9775.0;9775.0;9600.0;9625.0;9361.5087890625;63176500
22/01/2024;9600.0;9650.0;9525.0;9625.0;9361.5087890625;52868300
23/01/2024;9450.0;9600.0;9450.0;9600.0;9337.1923828125;92348600
24/01/2024;9600.0;9600.0;9475.0;9525.0;9264.24609375;84906000
25/01/2024;9450.0;9575.0;9450.0;9500.0;9239.9296875;63212700
26/01/2024;9400.0;9450.0;9300.0;9350.0;9094.0361328125;78977300
29/01/2024;9400.0;9550.0;9375.0;9550.0;9288.5615234375;73452800
30/01/2024;9500.0;9650.0;9475.0;9650.0;9385.82421875;73136400
31/01/2024;9700.0;9700.0;9550.0;9550.0;9288.5615234375;102581200
01/02/2024;9650.0;9725.0;9575.0;9700.0;9434.4541015625;104208700
02/02/2024;9775.0;9800.0;9625.0;9700.0;9434.4541015625;99324000
05/02/2024;9675.0;9675.0;9525.0;9575.0;9312.876953125;57983300
06/02/2024;9750.0;9750.0;9625.0;9625.0;9361.5087890625;87651000
07/02/2024;9700.0;9725.0;9650.0;9700.0;9434.4541015625;92953500
12/02/2024;9750.0;9800.0;9700.0;9800.0;9531.716796875;87949400
13/02/2024;9750.0;9800.0;9700.0;9725.0;9458.7705078125;66072400
15/02/2024;9950.0;9975.0;9850.0;9850.0;9580.3486328125;164748900
16/02/2024;9975.0;10000.0;9875.0;9950.0;9677.611328125;142277200
19/02/2024;9900.0;9975.0;9825.0;9875.0;9604.6640625;53341300
20/02/2024;9850.0;10025.0;9850.0;10025.0;9750.5576171875;63997700
21/02/2024;9950.0;10000.0;9850.0;9975.0;9701.9267578125;75371600
22/02/2024;9975.0;9975.0;9875.0;9875.0;9604.6640625;66913000
23/02/2024;9900.0;9925.0;9800.0;9825.0;9556.0322265625;55192300
26/02/2024;9750.0;9875.0;9725.0;9800.0;9531.716796875;41356000
27/02/2024;9750.0;9900.0;9750.0;9875.0;9604.6640625;43735800
28/02/2024;9975.0;10000.0;9900.0;10000.0;9726.2421875;54043100
29/02/2024;10000.0;10000.0;9850.0;9875.0;9604.6640625;126671200
01/03/2024;9900.0;9925.0;9800.0;9825.0;9556.0322265625;51520600
04/03/2024;9800.0;9825.0;9750.0;9750.0;9483.0859375;43822900
05/03/2024;9900.0;9900.0;9775.0;9800.0;9531.716796875;61952900
06/03/2024;9900.0;10000.0;9775.0;9950.0;9677.611328125;70242200
07/03/2024;10050.0;10175.0;10000.0;10125.0;9847.8203125;118369300
08/03/2024;10250.0;10300.0;10125.0;10150.0;9872.1357421875;100947200
13/03/2024;10400.0;10400.0;10000.0;10000.0;9726.2421875;141622600
14/03/2024;10050.0;10325.0;10025.0;10325.0;10042.3447265625;110681100
15/03/2024;10200.0;10300.0;10050.0;10150.0;9872.1357421875;154176800
18/03/2024;10175.0;10275.0;10150.0;10150.0;9872.1357421875;62444100
19/03/2024;10150.0;10250.0;10150.0;10175.0;9896.4521484375;55004800
20/03/2024;10100.0;10150.0;10075.0;10125.0;9847.8203125;66269700
21/03/2024;10175.0;10225.0;10050.0;10125.0;9847.8203125;90279400
22/03/2024;10000.0;10125.0;9950.0;10100.0;9823.5048828125;91968200
25/03/2024;10075.0;10075.0;9925.0;10075.0;10025.0;66971000
26/03/2024;10050.0;10050.0;9950.0;10050.0;10000.1240234375;65742700
27/03/2024;10025.0;10075.0;10000.0;10075.0;10025.0;39514100
28/03/2024;10025.0;10100.0;9975.0;10075.0;10025.0;79229700
01/04/2024;10075.0;10100.0;9825.0;9850.0;9801.1162109375;79248700
02/04/2024;9925.0;9950.0;9800.0;9900.0;9850.8681640625;76763100
03/04/2024;9750.0;9800.0;9525.0;9525.0;9477.7294921875;177418400
04/04/2024;9575.0;9850.0;9575.0;9850.0;9801.1162109375;75993500
05/04/2024;9950.0;9950.0;9825.0;9825.0;9776.240234375;70428600
16/04/2024;9350.0;9575.0;9250.0;9475.0;9427.9775390625;283265900
17/04/2024;9550.0;9675.0;9525.0;9525.0;9477.7294921875;95620700
18/04/2024;9525.0;9575.0;9450.0;9475.0;9427.9775390625;127134000
19/04/2024;9350.0;9500.0;9300.0;9475.0;9427.9775390625;147784300
22/04/2024;9400.0;9425.0;9350.0;9350.0;9303.59765625;128908000
23/04/2024;9400.0;9775.0;9400.0;9725.0;9676.736328125;178833000
24/04/2024;9825.0;9950.0;9750.0;9950.0;9900.6201171875;132832700
25/04/2024;10000.0;10000.0;9700.0;9775.0;9726.48828125;104874100
26/04/2024;9700.0;9825.0;9625.0;9625.0;9577.2333984375;100932900
29/04/2024;9525.0;9850.0;9525.0;9800.0;9751.3642578125;90063500
30/04/2024;10050.0;10050.0;9800.0;9800.0;9751.3642578125;109623000
02/05/2024;9900.0;9900.0;9500.0;9550.0;9502.60546875;97079400
03/05/2024;9750.0;9850.0;9675.0;9850.0;9801.1162109375;81200400
06/05/2024;9850.0;9875.0;9775.0;9800.0;9751.3642578125;53076200
07/05/2024;9700.0;9750.0;9625.0;9700.0;9651.8603515625;66746800
08/05/2024;9600.0;9700.0;9375.0;9375.0;9328.4736328125;112808900
13/05/2024;9200.0;9525.0;9200.0;9525.0;9477.7294921875;145469900
14/05/2024;9625.0;9675.0;9525.0;9550.0;9502.60546875;95363500
15/05/2024;9500.0;9600.0;9425.0;9500.0;9452.853515625;54741900
16/05/2024;9575.0;9675.0;9525.0;9600.0;9552.357421875;61126000
17/05/2024;9600.0;9850.0;9575.0;9750.0;9701.6123046875;99848500
20/05/2024;9700.0;9800.0;9475.0;9475.0;9427.9775390625;87890100
21/05/2024;9450.0;9575.0;9375.0;9375.0;9328.4736328125;75311400
22/05/2024;9475.0;9575.0;9325.0;9425.0;9378.2255859375;121712700
27/05/2024;9300.0;9375.0;9275.0;9300.0;9253.845703125;128578500
28/05/2024;9300.0;9400.0;9300.0;9300.0;9253.845703125;73945700
29/05/2024;9275.0;9325.0;9150.0;9150.0;9104.5908203125;117351600
30/05/2024;9000.0;9250.0;8775.0;9000.0;8955.3349609375;207115100
31/05/2024;9100.0;9250.0;9025.0;9250.0;9204.09375;756431600
03/06/2024;9350.0;9350.0;9225.0;9275.0;9228.9697265625;72197700
04/06/2024;9525.0;9525.0;9350.0;9350.0;9303.59765625;75353100
05/06/2024;9500.0;9500.0;9300.0;9450.0;9403.1015625;82087300
06/06/2024;9525.0;9525.0;9450.0;9475.0;9427.9775390625;44991300
07/06/2024;9500.0;9500.0;9325.0;9325.0;9278.7216796875;51599800
10/06/2024;9500.0;9525.0;9450.0;9525.0;9477.7294921875;45584700
11/06/2024;9550.0;9550.0;9300.0;9300.0;9253.845703125;68690900
12/06/2024;9300.0;9325.0;9250.0;9250.0;9204.09375;49785700
13/06/2024;9475.0;9475.0;9200.0;9200.0;9154.341796875;84652200
14/06/2024;9200.0;9250.0;9100.0;9200.0;9154.341796875;52986300
19/06/2024;9250.0;9250.0;9050.0;9050.0;9005.0869140625;100051000
20/06/2024;9150.0;9425.0;9100.0;9425.0;9378.2255859375;81474800
21/06/2024;9475.0;9675.0;9400.0;9600.0;9552.357421875;166841200
24/06/2024;9600.0;9750.0;9575.0;9600.0;9552.357421875;79592300
25/06/2024;9600.0;9600.0;9450.0;9600.0;9552.357421875;80029000
26/06/2024;9525.0;9650.0;9450.0;9500.0;9452.853515625;77913200
27/06/2024;9575.0;9750.0;9550.0;9750.0;9701.6123046875;89150700
28/06/2024;9800.0;9975.0;9775.0;9925.0;9875.744140625;166172300
01/07/2024;9850.0;9900.0;9825.0;9875.0;9825.9921875;68634600
02/07/2024;10000.0;10000.0;9850.0;9900.0;9850.8681640625;78848500
03/07/2024;9975.0;10000.0;9925.0;10000.0;9950.3720703125;55860200
04/07/2024;9975.0;10000.0;9825.0;9825.0;9776.240234375;67054000
05/07/2024;9925.0;9975.0;9875.0;9950.0;9900.6201171875;36946900
08/07/2024;10000.0;10050.0;9950.0;10050.0;10000.1240234375;72903600
09/07/2024;10100.0;10150.0;10075.0;10075.0;10025.0;61853200
10/07/2024;10175.0;10225.0;10050.0;10100.0;10049.8759765625;62325900
11/07/2024;10000.0;10125.0;10000.0;10075.0;10025.0;55908400
12/07/2024;10050.0;10100.0;10025.0;10075.0;10025.0;62646500
15/07/2024;10050.0;10075.0;9950.0;10050.0;10000.1240234375;36682600
16/07/2024;9975.0;10025.0;9950.0;9950.0;9900.6201171875;37192700
17/07/2024;9900.0;9950.0;9800.0;9800.0;9751.3642578125;90666000
18/07/2024;9800.0;10100.0;9800.0;10100.0;10049.8759765625;65383200
19/07/2024;10050.0;10125.0;9975.0;10125.0;10074.751953125;53880300
22/07/2024;10125.0;10150.0;10100.0;10100.0;10049.8759765625;31285300
23/07/2024;10200.0;10200.0;10125.0;10175.0;10124.50390625;39321100
24/07/2024;10125.0;10175.0;10075.0;10075.0;10025.0;24658000
25/07/2024;10225.0;10300.0;10200.0;10300.0;10248.8828125;98088100
26/07/2024;10375.0;10400.0;10300.0;10325.0;10273.7587890625;75565800
29/07/2024;10400.0;10425.0;10175.0;10250.0;10199.130859375;69092500
30/07/2024;10300.0;10300.0;10175.0;10175.0;10124.50390625;32122900
31/07/2024;10350.0;10350.0;10225.0;10275.0;10224.0068359375;82519900
01/08/2024;10200.0;10375.0;10200.0;10375.0;10323.5107421875;61176200
02/08/2024;10275.0;10350.0;10200.0;10200.0;10149.3798828125;55699900
05/08/2024;10000.0;10150.0;9875.0;9875.0;9825.9921875;126328300
06/08/2024;10075.0;10075.0;9950.0;10000.0;9950.3720703125;78473900
07/08/2024;10000.0;10100.0;10000.0;10100.0;10049.8759765625;52327400
08/08/2024;10150.0;10225.0;10075.0;10225.0;10174.2548828125;54162100
09/08/2024;10225.0;10250.0;10100.0;10150.0;10099.6279296875;47062400
12/08/2024;10100.0;10200.0;10075.0;10200.0;10149.3798828125;40364100
13/08/2024;10250.0;10300.0;10175.0;10300.0;10248.8828125;55207100
14/08/2024;10300.0;10300.0;10200.0;10200.0;10149.3798828125;47999100
15/08/2024;10200.0;10300.0;10175.0;10225.0;10174.2548828125;33396600
16/08/2024;10300.0;10325.0;10250.0;10325.0;10273.7587890625;40731400
19/08/2024;10325.0;10425.0;10275.0;10375.0;10323.5107421875;51054400
20/08/2024;10325.0;10450.0;10300.0;10425.0;10373.2626953125;60304400
21/08/2024;10500.0;10500.0;10425.0;10425.0;10373.2626953125;84848800
22/08/2024;10350.0;10400.0;10225.0;10325.0;10273.7587890625;56611600
23/08/2024;10325.0;10375.0;10300.0;10325.0;10273.7587890625;46651600
26/08/2024;10275.0;10375.0;10250.0;10325.0;10273.7587890625;35145600
27/08/2024;10275.0;10300.0;10175.0;10200.0;10149.3798828125;60448400
28/08/2024;10300.0;10350.0;10250.0;10350.0;10298.634765625;38489900
29/08/2024;10500.0;10500.0;10225.0;10225.0;10174.2548828125;53004700
30/08/2024;10325.0;10325.0;10200.0;10325.0;10273.7587890625;158403700
02/09/2024;10375.0;10375.0;10200.0;10275.0;10224.0068359375;72008600
03/09/2024;10325.0;10325.0;10150.0;10175.0;10124.50390625;50950200
04/09/2024;10150.0;10300.0;10125.0;10300.0;10248.8828125;44817000
05/09/2024;10350.0;10350.0;10250.0;10250.0;10199.130859375;39332900
06/09/2024;10225.0;10300.0;10225.0;10300.0;10248.8828125;31541800
09/09/2024;10300.0;10350.0;10200.0;10275.0;10224.0068359375;36185100
10/09/2024;10350.0;10350.0;10275.0;10350.0;10298.634765625;55093100
11/09/2024;10425.0;10425.0;10350.0;10425.0;10373.2626953125;64621300
12/09/2024;10450.0;10500.0;10375.0;10475.0;10423.0146484375;70759100
13/09/2024;10400.0;10425.0;10325.0;10425.0;10373.2626953125;70057100
17/09/2024;10450.0;10500.0;10350.0;10500.0;10447.890625;89745000
18/09/2024;10500.0;10625.0;10450.0;10625.0;10572.2705078125;65420200
19/09/2024;10700.0;10900.0;10650.0;10900.0;10845.9052734375;140886600
20/09/2024;10900.0;10900.0;10775.0;10775.0;10721.525390625;142194600
23/09/2024;10725.0;10950.0;10725.0;10950.0;10895.6572265625;72553800
24/09/2024;10775.0;10950.0;10775.0;10800.0;10746.4013671875;105191100
25/09/2024;10675.0;10850.0;10525.0;10850.0;10796.1533203125;158369100
26/09/2024;10875.0;10875.0;10675.0;10700.0;10646.8984375;84960100
27/09/2024;10500.0;10750.0;10400.0;10650.0;10597.146484375;93027400
30/09/2024;10475.0;10550.0;10325.0;10325.0;10273.7587890625;144692100
01/10/2024;10400.0;10550.0;10375.0;10550.0;10497.642578125;59797700
02/10/2024;10325.0;10550.0;10325.0;10500.0;10447.890625;86746200
03/10/2024;10450.0;10525.0;10400.0;10450.0;10398.138671875;60887000
04/10/2024;10400.0;10475.0;10350.0;10475.0;10423.0146484375;58500400
07/10/2024;10350.0;10375.0;10250.0;10300.0;10248.8828125;91867900
08/10/2024;10200.0;10500.0;10150.0;10400.0;10348.38671875;99622900
09/10/2024;10400.0;10525.0;10400.0;10425.0;10373.2626953125;56835200
10/10/2024;10425.0;10500.0;10400.0;10500.0;10447.890625;51080000
11/10/2024;10575.0;10575.0;10375.0;10375.0;10323.5107421875;44632100
14/10/2024;10375.0;10500.0;10375.0;10500.0;10447.890625;31738600
15/10/2024;10550.0;10625.0;10450.0;10625.0;10572.2705078125;66635200
16/10/2024;10700.0;10725.0;10475.0;10475.0;10423.0146484375;63255900
17/10/2024;10550.0;10800.0;10500.0;10725.0;10671.7744140625;66993300
18/10/2024;10875.0;10875.0;10725.0;10750.0;10696.6494140625;56299600
21/10/2024;10850.0;10850.0;10675.0;10675.0;10622.0224609375;36472500
22/10/2024;10475.0;10600.0;10475.0;10500.0;10447.890625;94799500
23/10/2024;10475.0;10650.0;10475.0;10650.0;10597.146484375;48903000
24/10/2024;10725.0;10850.0;10700.0;10700.0;10646.8984375;85341200
25/10/2024;10650.0;10750.0;10625.0;10750.0;10696.6494140625;34847500
28/10/2024;10825.0;10825.0;10600.0;10600.0;10547.39453125;39061500
29/10/2024;10525.0;10575.0;10500.0;10500.0;10447.890625;49680100
30/10/2024;10275.0;10400.0;10275.0;10350.0;10298.634765625;114484100
31/10/2024;10325.0;10475.0;10250.0;10250.0;10199.130859375;97553400
01/11/2024;10275.0;10425.0;10275.0;10425.0;10373.2626953125;47710000
04/11/2024;10425.0;10500.0;10300.0;10375.0;10323.5107421875;49275700
05/11/2024;10300.0;10575.0;10300.0;10500.0;10447.890625;50296500
06/11/2024;10475.0;10500.0;10375.0;10450.0;10398.138671875;50324900
07/11/2024;10325.0;10450.0;10175.0;10175.0;10124.50390625;131579100
08/11/2024;10200.0;10225.0;10050.0;10075.0;10025.0;92166100
11/11/2024;9800.0;10050.0;9800.0;10050.0;10000.1240234375;128707600
12/11/2024;10100.0;10225.0;10000.0;10150.0;10099.6279296875;80378500
13/11/2024;10225.0;10250.0;10150.0;10150.0;10099.6279296875;62933100
14/11/2024;10125.0;10175.0;10050.0;10100.0;10049.8759765625;56381400
15/11/2024;10050.0;10275.0;10050.0;10175.0;10124.50390625;63598200
18/11/2024;10075.0;10125.0;10000.0;10000.0;9950.3720703125;65716200
19/11/2024;9900.0;10025.0;9900.0;9925.0;9875.744140625;85295300
20/11/2024;10025.0;10150.0;10000.0;10075.0;10025.0;58584400
21/11/2024;10000.0;10000.0;9850.0;9850.0;9850.0;93181200
22/11/2024;9925.0;9950.0;9850.0;9850.0;9850.0;58396100
25/11/2024;9950.0;10200.0;9900.0;10175.0;10175.0;165369400
26/11/2024;10250.0;10250.0;10000.0;10000.0;10000.0;62310100
